[{"model": "admin.logentry", "pk": 1, "fields": {"action_time": "2023-12-30T11:23:44.979Z", "user": 1, "content_type": 16, "object_id": "1", "object_repr": "FORMATION DE FORMATEURS SUR L’UTILISATION ET LA MANIPULATION DES SCANNERS NEUSOFT", "action_flag": 1, "change_message": "[{\"added\": {}}]"}}, {"model": "admin.logentry", "pk": 2, "fields": {"action_time": "2023-12-30T11:25:26.315Z", "user": 1, "content_type": 16, "object_id": "2", "object_repr": "Renforcement des Compétences pour Optimiser la Gestion, la maintenance et l’entretien des Équipements Médicaux à Madagascar", "action_flag": 1, "change_message": "[{\"added\": {}}]"}}, {"model": "admin.logentry", "pk": 3, "fields": {"action_time": "2023-12-30T11:26:15.304Z", "user": 1, "content_type": 16, "object_id": "3", "object_repr": "ATELIER D’ORIENTATION : pour l’ouverture d’un cabinet de soins paramédicaux", "action_flag": 1, "change_message": "[{\"added\": {}}]"}}, {"model": "admin.logentry", "pk": 4, "fields": {"action_time": "2023-12-30T12:44:07.406Z", "user": 1, "content_type": 11, "object_id": "13", "object_repr": "CHUSSPA", "action_flag": 2, "change_message": "[{\"changed\": {\"fields\": [\"Image description\"]}}]"}}, {"model": "admin.logentry", "pk": 5, "fields": {"action_time": "2023-12-30T12:45:46.815Z", "user": 1, "content_type": 11, "object_id": "2", "object_repr": "CHU Morafeno", "action_flag": 2, "change_message": "[{\"changed\": {\"fields\": [\"Image description\"]}}]"}}, {"model": "admin.logentry", "pk": 6, "fields": {"action_time": "2023-12-30T12:46:32.028Z", "user": 1, "content_type": 11, "object_id": "7", "object_repr": "CHUMB", "action_flag": 2, "change_message": "[{\"changed\": {\"fields\": [\"Logo\", \"Image description\"]}}]"}}, {"model": "admin.logentry", "pk": 7, "fields": {"action_time": "2023-12-30T12:49:54.528Z", "user": 1, "content_type": 11, "object_id": "21", "object_repr": "CHUSMA", "action_flag": 2, "change_message": "[{\"changed\": {\"fields\": [\"Image description\"]}}]"}}, {"model": "admin.logentry", "pk": 8, "fields": {"action_time": "2023-12-30T12:50:30.851Z", "user": 1, "content_type": 11, "object_id": "18", "object_repr": "CHUPKA", "action_flag": 2, "change_message": "[{\"changed\": {\"fields\": [\"Logo\", \"Image description\"]}}]"}}, {"model": "admin.logentry", "pk": 9, "fields": {"action_time": "2023-12-30T12:51:43.162Z", "user": 1, "content_type": 11, "object_id": "14", "object_repr": "CHUMET", "action_flag": 2, "change_message": "[{\"changed\": {\"fields\": [\"Logo\"]}}]"}}, {"model": "admin.logentry", "pk": 10, "fields": {"action_time": "2023-12-30T12:52:50.987Z", "user": 1, "content_type": 11, "object_id": "14", "object_repr": "CHUMET", "action_flag": 2, "change_message": "[{\"changed\": {\"fields\": [\"Image description\"]}}]"}}, {"model": "admin.logentry", "pk": 11, "fields": {"action_time": "2023-12-30T12:53:30.396Z", "user": 1, "content_type": 11, "object_id": "22", "object_repr": "CHUJRB", "action_flag": 2, "change_message": "[{\"changed\": {\"fields\": [\"Logo\", \"Image description\"]}}]"}}, {"model": "admin.logentry", "pk": 12, "fields": {"action_time": "2023-12-30T12:53:56.792Z", "user": 1, "content_type": 11, "object_id": "19", "object_repr": "CHUJRA", "action_flag": 2, "change_message": "[{\"changed\": {\"fields\": [\"Logo\", \"Image description\"]}}]"}}, {"model": "admin.logentry", "pk": 13, "fields": {"action_time": "2023-12-30T12:54:15.725Z", "user": 1, "content_type": 11, "object_id": "15", "object_repr": "CHUJDR", "action_flag": 2, "change_message": "[{\"changed\": {\"fields\": [\"Logo\", \"Image description\"]}}]"}}, {"model": "admin.logentry", "pk": 14, "fields": {"action_time": "2023-12-30T12:54:40.787Z", "user": 1, "content_type": 11, "object_id": "10", "object_repr": "CHUGOB", "action_flag": 2, "change_message": "[{\"changed\": {\"fields\": [\"Logo\", \"Image description\"]}}]"}}, {"model": "admin.logentry", "pk": 15, "fields": {"action_time": "2023-12-30T12:55:00.001Z", "user": 1, "content_type": 11, "object_id": "16", "object_repr": "CHUAM", "action_flag": 2, "change_message": "[{\"changed\": {\"fields\": [\"Logo\", \"Image description\"]}}]"}}, {"model": "admin.logentry", "pk": 16, "fields": {"action_time": "2023-12-30T12:55:24.956Z", "user": 1, "content_type": 11, "object_id": "9", "object_repr": "CHU Tanambao", "action_flag": 2, "change_message": "[{\"changed\": {\"fields\": [\"Logo\", \"Image description\"]}}]"}}, {"model": "admin.logentry", "pk": 17, "fields": {"action_time": "2023-12-30T12:55:40.690Z", "user": 1, "content_type": 11, "object_id": "5", "object_repr": "CHU Tambohobe", "action_flag": 2, "change_message": "[{\"changed\": {\"fields\": [\"Logo\", \"Image description\"]}}]"}}, {"model": "admin.logentry", "pk": 18, "fields": {"action_time": "2023-12-30T12:55:49.940Z", "user": 1, "content_type": 11, "object_id": "3", "object_repr": "CHU PZAGA", "action_flag": 2, "change_message": "[{\"changed\": {\"fields\": [\"Image description\"]}}]"}}, {"model": "admin.logentry", "pk": 19, "fields": {"action_time": "2023-12-30T12:56:03.849Z", "user": 1, "content_type": 11, "object_id": "2", "object_repr": "CHU Morafeno", "action_flag": 2, "change_message": "[]"}}, {"model": "admin.logentry", "pk": 20, "fields": {"action_time": "2023-12-30T12:56:30.575Z", "user": 1, "content_type": 11, "object_id": "20", "object_repr": "CHU Analakininina", "action_flag": 2, "change_message": "[{\"changed\": {\"fields\": [\"Logo\", \"Image description\"]}}]"}}, {"model": "admin.logentry", "pk": 21, "fields": {"action_time": "2023-12-30T12:56:46.808Z", "user": 1, "content_type": 11, "object_id": "12", "object_repr": "CHU Andohotapenaka", "action_flag": 2, "change_message": "[{\"changed\": {\"fields\": [\"Logo\", \"Image description\"]}}]"}}, {"model": "admin.logentry", "pk": 22, "fields": {"action_time": "2023-12-30T12:57:09.005Z", "user": 1, "content_type": 11, "object_id": "17", "object_repr": "CHU Andrainjato", "action_flag": 2, "change_message": "[{\"changed\": {\"fields\": [\"Logo\", \"Image description\"]}}]"}}, {"model": "admin.logentry", "pk": 23, "fields": {"action_time": "2023-12-30T12:57:36.465Z", "user": 1, "content_type": 11, "object_id": "11", "object_repr": "CHU Anosiala", "action_flag": 2, "change_message": "[{\"changed\": {\"fields\": [\"Logo\", \"Image description\"]}}]"}}, {"model": "admin.logentry", "pk": 24, "fields": {"action_time": "2023-12-30T12:57:49.810Z", "user": 1, "content_type": 11, "object_id": "23", "object_repr": "CHU Antanambao", "action_flag": 2, "change_message": "[{\"changed\": {\"fields\": [\"Image description\"]}}]"}}, {"model": "admin.logentry", "pk": 25, "fields": {"action_time": "2023-12-30T12:57:59.442Z", "user": 1, "content_type": 11, "object_id": "4", "object_repr": "CHU Fenoarivo", "action_flag": 2, "change_message": "[{\"changed\": {\"fields\": [\"Image description\"]}}]"}}, {"model": "admin.logentry", "pk": 26, "fields": {"action_time": "2023-12-30T13:04:24.615Z", "user": 1, "content_type": 16, "object_id": "1", "object_repr": "FORMATION DE FORMATEURS SUR L’UTILISATION ET LA MANIPULATION DES SCANNERS NEUSOFT", "action_flag": 2, "change_message": "[{\"changed\": {\"fields\": [\"Image\"]}}]"}}, {"model": "admin.logentry", "pk": 27, "fields": {"action_time": "2023-12-30T13:04:53.656Z", "user": 1, "content_type": 16, "object_id": "2", "object_repr": "Renforcement des Compétences pour Optimiser la Gestion, la maintenance et l’entretien des Équipements Médicaux à Madagascar", "action_flag": 2, "change_message": "[{\"changed\": {\"fields\": [\"Image\"]}}]"}}, {"model": "admin.logentry", "pk": 28, "fields": {"action_time": "2023-12-30T13:05:06.835Z", "user": 1, "content_type": 16, "object_id": "3", "object_repr": "ATELIER D’ORIENTATION : pour l’ouverture d’un cabinet de soins paramédicaux", "action_flag": 2, "change_message": "[{\"changed\": {\"fields\": [\"Image\"]}}]"}}, {"model": "admin.logentry", "pk": 29, "fields": {"action_time": "2023-12-30T13:14:28.649Z", "user": 1, "content_type": 13, "object_id": "1", "object_repr": "Le Centre Hospitalie", "action_flag": 1, "change_message": "[{\"added\": {}}]"}}, {"model": "admin.logentry", "pk": 30, "fields": {"action_time": "2023-12-30T13:14:52.726Z", "user": 1, "content_type": 13, "object_id": "2", "object_repr": "Le Centre Hospitalie", "action_flag": 1, "change_message": "[{\"added\": {}}]"}}, {"model": "admin.logentry", "pk": 31, "fields": {"action_time": "2023-12-30T13:15:14.488Z", "user": 1, "content_type": 13, "object_id": "3", "object_repr": "Implanté à Toamasina", "action_flag": 1, "change_message": "[{\"added\": {}}]"}}, {"model": "admin.logentry", "pk": 32, "fields": {"action_time": "2023-12-30T13:15:38.817Z", "user": 1, "content_type": 13, "object_id": "4", "object_repr": "Le Centre Hospitalie", "action_flag": 1, "change_message": "[{\"added\": {}}]"}}, {"model": "admin.logentry", "pk": 33, "fields": {"action_time": "2023-12-30T13:15:53.650Z", "user": 1, "content_type": 13, "object_id": "5", "object_repr": "Le Centre Hospitalie", "action_flag": 1, "change_message": "[{\"added\": {}}]"}}, {"model": "admin.logentry", "pk": 34, "fields": {"action_time": "2023-12-30T13:16:09.741Z", "user": 1, "content_type": 13, "object_id": "6", "object_repr": "Le Centre Hospitalie", "action_flag": 1, "change_message": "[{\"added\": {}}]"}}, {"model": "admin.logentry", "pk": 35, "fields": {"action_time": "2023-12-30T13:16:30.941Z", "user": 1, "content_type": 13, "object_id": "7", "object_repr": "Situé à Mahavoky Ats", "action_flag": 1, "change_message": "[{\"added\": {}}]"}}, {"model": "admin.logentry", "pk": 36, "fields": {"action_time": "2023-12-30T13:16:45.463Z", "user": 1, "content_type": 13, "object_id": "8", "object_repr": "Le Centre Hospitalie", "action_flag": 1, "change_message": "[{\"added\": {}}]"}}, {"model": "admin.logentry", "pk": 37, "fields": {"action_time": "2023-12-30T13:17:04.719Z", "user": 1, "content_type": 13, "object_id": "9", "object_repr": "Le Centre Hospitalie", "action_flag": 1, "change_message": "[{\"added\": {}}]"}}, {"model": "admin.logentry", "pk": 38, "fields": {"action_time": "2023-12-30T13:17:30.115Z", "user": 1, "content_type": 13, "object_id": "10", "object_repr": "Le Centre Hospitalie", "action_flag": 1, "change_message": "[{\"added\": {}}]"}}, {"model": "admin.logentry", "pk": 39, "fields": {"action_time": "2023-12-30T13:17:42.005Z", "user": 1, "content_type": 13, "object_id": "10", "object_repr": "Le Centre Hospitalie", "action_flag": 2, "change_message": "[{\"changed\": {\"fields\": [\"Content\"]}}]"}}, {"model": "admin.logentry", "pk": 40, "fields": {"action_time": "2023-12-30T13:18:00.779Z", "user": 1, "content_type": 13, "object_id": "11", "object_repr": "Le Centre Hospitalie", "action_flag": 1, "change_message": "[{\"added\": {}}]"}}, {"model": "admin.logentry", "pk": 41, "fields": {"action_time": "2023-12-30T13:18:23.408Z", "user": 1, "content_type": 13, "object_id": "12", "object_repr": "Le CHU Andohatapenak", "action_flag": 1, "change_message": "[{\"added\": {}}]"}}, {"model": "admin.logentry", "pk": 42, "fields": {"action_time": "2023-12-30T13:18:44.205Z", "user": 1, "content_type": 13, "object_id": "13", "object_repr": "Le Centre Hospitalie", "action_flag": 1, "change_message": "[{\"added\": {}}]"}}, {"model": "admin.logentry", "pk": 43, "fields": {"action_time": "2023-12-30T13:19:02.950Z", "user": 1, "content_type": 13, "object_id": "14", "object_repr": "Le Centre Hospitalie", "action_flag": 1, "change_message": "[{\"added\": {}}]"}}, {"model": "admin.logentry", "pk": 44, "fields": {"action_time": "2023-12-30T13:19:17.064Z", "user": 1, "content_type": 13, "object_id": "15", "object_repr": "Le Centre Hospitalie", "action_flag": 1, "change_message": "[{\"added\": {}}]"}}, {"model": "admin.logentry", "pk": 45, "fields": {"action_time": "2023-12-30T13:19:42.056Z", "user": 1, "content_type": 13, "object_id": "16", "object_repr": "Le Centre Hospitalie", "action_flag": 1, "change_message": "[{\"added\": {}}]"}}, {"model": "admin.logentry", "pk": 46, "fields": {"action_time": "2023-12-30T13:19:54.172Z", "user": 1, "content_type": 13, "object_id": "17", "object_repr": "Le Centre Hospitalie", "action_flag": 1, "change_message": "[{\"added\": {}}]"}}, {"model": "admin.logentry", "pk": 47, "fields": {"action_time": "2023-12-30T13:20:12.720Z", "user": 1, "content_type": 13, "object_id": "18", "object_repr": "Le Centre Hospitalie", "action_flag": 1, "change_message": "[{\"added\": {}}]"}}, {"model": "admin.logentry", "pk": 48, "fields": {"action_time": "2023-12-30T13:20:26.674Z", "user": 1, "content_type": 13, "object_id": "19", "object_repr": "Le CHU de Place Kaba", "action_flag": 1, "change_message": "[{\"added\": {}}]"}}, {"model": "admin.logentry", "pk": 49, "fields": {"action_time": "2023-12-30T13:20:39.317Z", "user": 1, "content_type": 13, "object_id": "20", "object_repr": "Le Centre Hospitalie", "action_flag": 1, "change_message": "[{\"added\": {}}]"}}, {"model": "admin.logentry", "pk": 50, "fields": {"action_time": "2023-12-30T13:21:06.642Z", "user": 1, "content_type": 13, "object_id": "21", "object_repr": "Le Centre Hospitalie", "action_flag": 1, "change_message": "[{\"added\": {}}]"}}, {"model": "admin.logentry", "pk": 51, "fields": {"action_time": "2023-12-31T08:03:13.783Z", "user": 1, "content_type": 16, "object_id": "4", "object_repr": "La Direction Générale de Fourniture des Soins", "action_flag": 1, "change_message": "[{\"added\": {}}]"}}, {"model": "admin.logentry", "pk": 52, "fields": {"action_time": "2024-01-02T16:17:39.506Z", "user": 1, "content_type": 17, "object_id": "14", "object_repr": "das@dqs.com", "action_flag": 3, "change_message": ""}}, {"model": "admin.logentry", "pk": 53, "fields": {"action_time": "2024-01-02T16:17:39.513Z", "user": 1, "content_type": 17, "object_id": "16", "object_repr": "kjhk@gm.com", "action_flag": 3, "change_message": ""}}, {"model": "admin.logentry", "pk": 54, "fields": {"action_time": "2024-01-02T16:17:39.518Z", "user": 1, "content_type": 17, "object_id": "1", "object_repr": "tokyfy@gmail.com", "action_flag": 3, "change_message": ""}}, {"model": "admin.logentry", "pk": 55, "fields": {"action_time": "2024-01-02T16:17:39.523Z", "user": 1, "content_type": 17, "object_id": "20", "object_repr": "tokyfydev@gmail.com", "action_flag": 3, "change_message": ""}}, {"model": "admin.logentry", "pk": 56, "fields": {"action_time": "2024-01-02T16:17:39.528Z", "user": 1, "content_type": 17, "object_id": "19", "object_repr": "tokyfydev@gmail.com", "action_flag": 3, "change_message": ""}}, {"model": "admin.logentry", "pk": 57, "fields": {"action_time": "2024-01-02T16:17:39.533Z", "user": 1, "content_type": 17, "object_id": "18", "object_repr": "tokyfydev@gmail.com", "action_flag": 3, "change_message": ""}}, {"model": "admin.logentry", "pk": 58, "fields": {"action_time": "2024-01-02T16:17:39.541Z", "user": 1, "content_type": 17, "object_id": "17", "object_repr": "tokyfydev@gmail.com", "action_flag": 3, "change_message": ""}}, {"model": "admin.logentry", "pk": 59, "fields": {"action_time": "2024-01-02T16:17:39.546Z", "user": 1, "content_type": 17, "object_id": "15", "object_repr": "tokyfydev@gmail.com", "action_flag": 3, "change_message": ""}}, {"model": "admin.logentry", "pk": 60, "fields": {"action_time": "2024-01-02T16:17:39.553Z", "user": 1, "content_type": 17, "object_id": "13", "object_repr": "tokyfydev@gmail.com", "action_flag": 3, "change_message": ""}}, {"model": "admin.logentry", "pk": 61, "fields": {"action_time": "2024-01-02T16:17:39.559Z", "user": 1, "content_type": 17, "object_id": "12", "object_repr": "tokyfydev@gmail.com", "action_flag": 3, "change_message": ""}}, {"model": "admin.logentry", "pk": 62, "fields": {"action_time": "2024-01-02T16:17:39.564Z", "user": 1, "content_type": 17, "object_id": "11", "object_repr": "tokyfydev@gmail.com", "action_flag": 3, "change_message": ""}}, {"model": "admin.logentry", "pk": 63, "fields": {"action_time": "2024-01-02T16:17:39.579Z", "user": 1, "content_type": 17, "object_id": "10", "object_repr": "tokyfydev@gmail.com", "action_flag": 3, "change_message": ""}}, {"model": "admin.logentry", "pk": 64, "fields": {"action_time": "2024-01-02T16:17:39.584Z", "user": 1, "content_type": 17, "object_id": "9", "object_repr": "tokyfydev@gmail.com", "action_flag": 3, "change_message": ""}}, {"model": "admin.logentry", "pk": 65, "fields": {"action_time": "2024-01-02T16:17:39.590Z", "user": 1, "content_type": 17, "object_id": "8", "object_repr": "tokyfydev@gmail.com", "action_flag": 3, "change_message": ""}}, {"model": "admin.logentry", "pk": 66, "fields": {"action_time": "2024-01-02T16:17:39.596Z", "user": 1, "content_type": 17, "object_id": "7", "object_repr": "tokyfydev@gmail.com", "action_flag": 3, "change_message": ""}}, {"model": "admin.logentry", "pk": 67, "fields": {"action_time": "2024-01-02T16:17:39.603Z", "user": 1, "content_type": 17, "object_id": "6", "object_repr": "tokyfydev@gmail.com", "action_flag": 3, "change_message": ""}}, {"model": "admin.logentry", "pk": 68, "fields": {"action_time": "2024-01-02T16:17:39.609Z", "user": 1, "content_type": 17, "object_id": "5", "object_repr": "tokyfydev@gmail.com", "action_flag": 3, "change_message": ""}}, {"model": "admin.logentry", "pk": 69, "fields": {"action_time": "2024-01-02T16:17:39.614Z", "user": 1, "content_type": 17, "object_id": "4", "object_repr": "tokyfydev@gmail.com", "action_flag": 3, "change_message": ""}}, {"model": "admin.logentry", "pk": 70, "fields": {"action_time": "2024-01-02T16:17:39.620Z", "user": 1, "content_type": 17, "object_id": "3", "object_repr": "tokyfydev@gmail.com", "action_flag": 3, "change_message": ""}}, {"model": "admin.logentry", "pk": 71, "fields": {"action_time": "2024-01-02T16:17:39.626Z", "user": 1, "content_type": 17, "object_id": "2", "object_repr": "tokyfydev@gmail.com", "action_flag": 3, "change_message": ""}}, {"model": "admin.logentry", "pk": 72, "fields": {"action_time": "2024-01-05T09:02:15.701Z", "user": 1, "content_type": 24, "object_id": "1", "object_repr": "World Health Organization", "action_flag": 1, "change_message": "[{\"added\": {}}]"}}, {"model": "admin.logentry", "pk": 73, "fields": {"action_time": "2024-01-05T09:03:13.142Z", "user": 1, "content_type": 24, "object_id": "2", "object_repr": "La banque mondiale", "action_flag": 1, "change_message": "[{\"added\": {}}]"}}, {"model": "admin.logentry", "pk": 74, "fields": {"action_time": "2024-01-05T09:03:52.037Z", "user": 1, "content_type": 24, "object_id": "3", "object_repr": "ROLL BACK", "action_flag": 1, "change_message": "[{\"added\": {}}]"}}, {"model": "admin.logentry", "pk": 75, "fields": {"action_time": "2024-01-05T09:04:19.750Z", "user": 1, "content_type": 24, "object_id": "4", "object_repr": "UNICEF", "action_flag": 1, "change_message": "[{\"added\": {}}]"}}, {"model": "admin.logentry", "pk": 76, "fields": {"action_time": "2024-01-05T09:04:43.215Z", "user": 1, "content_type": 24, "object_id": "5", "object_repr": "USAID", "action_flag": 1, "change_message": "[{\"added\": {}}]"}}, {"model": "admin.logentry", "pk": 77, "fields": {"action_time": "2024-01-05T09:05:12.817Z", "user": 1, "content_type": 24, "object_id": "6", "object_repr": "ACCESS", "action_flag": 1, "change_message": "[{\"added\": {}}]"}}, {"model": "admin.logentry", "pk": 78, "fields": {"action_time": "2024-01-05T09:05:35.507Z", "user": 1, "content_type": 24, "object_id": "7", "object_repr": "MSH", "action_flag": 1, "change_message": "[{\"added\": {}}]"}}, {"model": "admin.logentry", "pk": 79, "fields": {"action_time": "2024-01-05T09:06:08.588Z", "user": 1, "content_type": 24, "object_id": "8", "object_repr": "Mahefa Miaraka", "action_flag": 1, "change_message": "[{\"added\": {}}]"}}, {"model": "admin.logentry", "pk": 80, "fields": {"action_time": "2024-01-05T09:06:30.915Z", "user": 1, "content_type": 24, "object_id": "9", "object_repr": "PSI", "action_flag": 1, "change_message": "[{\"added\": {}}]"}}, {"model": "admin.logentry", "pk": 81, "fields": {"action_time": "2024-01-05T09:06:56.567Z", "user": 1, "content_type": 24, "object_id": "10", "object_repr": "MEASURE Evaluation", "action_flag": 1, "change_message": "[{\"added\": {}}]"}}, {"model": "admin.logentry", "pk": 82, "fields": {"action_time": "2024-01-05T09:07:18.988Z", "user": 1, "content_type": 24, "object_id": "11", "object_repr": "Jhpiego", "action_flag": 1, "change_message": "[{\"added\": {}}]"}}, {"model": "admin.logentry", "pk": 83, "fields": {"action_time": "2024-01-05T09:07:48.915Z", "user": 1, "content_type": 24, "object_id": "12", "object_repr": "JSI", "action_flag": 1, "change_message": "[{\"added\": {}}]"}}, {"model": "admin.logentry", "pk": 84, "fields": {"action_time": "2024-01-05T09:08:13.320Z", "user": 1, "content_type": 24, "object_id": "13", "object_repr": "CRS", "action_flag": 1, "change_message": "[{\"added\": {}}]"}}, {"model": "admin.logentry", "pk": 85, "fields": {"action_time": "2024-01-05T09:08:38.248Z", "user": 1, "content_type": 24, "object_id": "14", "object_repr": "UNFPA", "action_flag": 1, "change_message": "[{\"added\": {}}]"}}, {"model": "admin.logentry", "pk": 86, "fields": {"action_time": "2024-01-05T09:09:00.545Z", "user": 1, "content_type": 24, "object_id": "15", "object_repr": "Gavi", "action_flag": 1, "change_message": "[{\"added\": {}}]"}}, {"model": "admin.logentry", "pk": 87, "fields": {"action_time": "2024-01-05T09:09:31.292Z", "user": 1, "content_type": 24, "object_id": "16", "object_repr": "Ordre Psychologues", "action_flag": 1, "change_message": "[{\"added\": {}}]"}}, {"model": "admin.logentry", "pk": 88, "fields": {"action_time": "2024-01-05T09:10:02.820Z", "user": 1, "content_type": 24, "object_id": "17", "object_repr": "COI", "action_flag": 1, "change_message": "[{\"added\": {}}]"}}, {"model": "admin.logentry", "pk": 89, "fields": {"action_time": "2024-01-05T09:10:26.910Z", "user": 1, "content_type": 24, "object_id": "18", "object_repr": "Fonds Mondial", "action_flag": 1, "change_message": "[{\"added\": {}}]"}}, {"model": "auth.permission", "pk": 1, "fields": {"name": "Can add log entry", "content_type": 1, "codename": "add_logentry"}}, {"model": "auth.permission", "pk": 2, "fields": {"name": "Can change log entry", "content_type": 1, "codename": "change_logentry"}}, {"model": "auth.permission", "pk": 3, "fields": {"name": "Can delete log entry", "content_type": 1, "codename": "delete_logentry"}}, {"model": "auth.permission", "pk": 4, "fields": {"name": "Can view log entry", "content_type": 1, "codename": "view_logentry"}}, {"model": "auth.permission", "pk": 5, "fields": {"name": "Can add permission", "content_type": 2, "codename": "add_permission"}}, {"model": "auth.permission", "pk": 6, "fields": {"name": "Can change permission", "content_type": 2, "codename": "change_permission"}}, {"model": "auth.permission", "pk": 7, "fields": {"name": "Can delete permission", "content_type": 2, "codename": "delete_permission"}}, {"model": "auth.permission", "pk": 8, "fields": {"name": "Can view permission", "content_type": 2, "codename": "view_permission"}}, {"model": "auth.permission", "pk": 9, "fields": {"name": "Can add group", "content_type": 3, "codename": "add_group"}}, {"model": "auth.permission", "pk": 10, "fields": {"name": "Can change group", "content_type": 3, "codename": "change_group"}}, {"model": "auth.permission", "pk": 11, "fields": {"name": "Can delete group", "content_type": 3, "codename": "delete_group"}}, {"model": "auth.permission", "pk": 12, "fields": {"name": "Can view group", "content_type": 3, "codename": "view_group"}}, {"model": "auth.permission", "pk": 13, "fields": {"name": "Can add content type", "content_type": 4, "codename": "add_contenttype"}}, {"model": "auth.permission", "pk": 14, "fields": {"name": "Can change content type", "content_type": 4, "codename": "change_contenttype"}}, {"model": "auth.permission", "pk": 15, "fields": {"name": "Can delete content type", "content_type": 4, "codename": "delete_contenttype"}}, {"model": "auth.permission", "pk": 16, "fields": {"name": "Can view content type", "content_type": 4, "codename": "view_contenttype"}}, {"model": "auth.permission", "pk": 17, "fields": {"name": "Can add session", "content_type": 5, "codename": "add_session"}}, {"model": "auth.permission", "pk": 18, "fields": {"name": "Can change session", "content_type": 5, "codename": "change_session"}}, {"model": "auth.permission", "pk": 19, "fields": {"name": "Can delete session", "content_type": 5, "codename": "delete_session"}}, {"model": "auth.permission", "pk": 20, "fields": {"name": "Can view session", "content_type": 5, "codename": "view_session"}}, {"model": "auth.permission", "pk": 21, "fields": {"name": "Can add blacklisted token", "content_type": 6, "codename": "add_blacklistedtoken"}}, {"model": "auth.permission", "pk": 22, "fields": {"name": "Can change blacklisted token", "content_type": 6, "codename": "change_blacklistedtoken"}}, {"model": "auth.permission", "pk": 23, "fields": {"name": "Can delete blacklisted token", "content_type": 6, "codename": "delete_blacklistedtoken"}}, {"model": "auth.permission", "pk": 24, "fields": {"name": "Can view blacklisted token", "content_type": 6, "codename": "view_blacklistedtoken"}}, {"model": "auth.permission", "pk": 25, "fields": {"name": "Can add outstanding token", "content_type": 7, "codename": "add_outstandingtoken"}}, {"model": "auth.permission", "pk": 26, "fields": {"name": "Can change outstanding token", "content_type": 7, "codename": "change_outstandingtoken"}}, {"model": "auth.permission", "pk": 27, "fields": {"name": "Can delete outstanding token", "content_type": 7, "codename": "delete_outstandingtoken"}}, {"model": "auth.permission", "pk": 28, "fields": {"name": "Can view outstanding token", "content_type": 7, "codename": "view_outstandingtoken"}}, {"model": "auth.permission", "pk": 29, "fields": {"name": "Can add tag", "content_type": 8, "codename": "add_tag"}}, {"model": "auth.permission", "pk": 30, "fields": {"name": "Can change tag", "content_type": 8, "codename": "change_tag"}}, {"model": "auth.permission", "pk": 31, "fields": {"name": "Can delete tag", "content_type": 8, "codename": "delete_tag"}}, {"model": "auth.permission", "pk": 32, "fields": {"name": "Can view tag", "content_type": 8, "codename": "view_tag"}}, {"model": "auth.permission", "pk": 33, "fields": {"name": "Can add tagged item", "content_type": 9, "codename": "add_taggeditem"}}, {"model": "auth.permission", "pk": 34, "fields": {"name": "Can change tagged item", "content_type": 9, "codename": "change_taggeditem"}}, {"model": "auth.permission", "pk": 35, "fields": {"name": "Can delete tagged item", "content_type": 9, "codename": "delete_taggeditem"}}, {"model": "auth.permission", "pk": 36, "fields": {"name": "Can view tagged item", "content_type": 9, "codename": "view_taggeditem"}}, {"model": "auth.permission", "pk": 37, "fields": {"name": "Can add user", "content_type": 10, "codename": "add_user"}}, {"model": "auth.permission", "pk": 38, "fields": {"name": "Can change user", "content_type": 10, "codename": "change_user"}}, {"model": "auth.permission", "pk": 39, "fields": {"name": "Can delete user", "content_type": 10, "codename": "delete_user"}}, {"model": "auth.permission", "pk": 40, "fields": {"name": "Can view user", "content_type": 10, "codename": "view_user"}}, {"model": "auth.permission", "pk": 41, "fields": {"name": "Can add etablissement", "content_type": 11, "codename": "add_etablissement"}}, {"model": "auth.permission", "pk": 42, "fields": {"name": "Can change etablissement", "content_type": 11, "codename": "change_etablissement"}}, {"model": "auth.permission", "pk": 43, "fields": {"name": "Can delete etablissement", "content_type": 11, "codename": "delete_etablissement"}}, {"model": "auth.permission", "pk": 44, "fields": {"name": "Can view etablissement", "content_type": 11, "codename": "view_etablissement"}}, {"model": "auth.permission", "pk": 45, "fields": {"name": "Can add personnel", "content_type": 12, "codename": "add_personnel"}}, {"model": "auth.permission", "pk": 46, "fields": {"name": "Can change personnel", "content_type": 12, "codename": "change_personnel"}}, {"model": "auth.permission", "pk": 47, "fields": {"name": "Can delete personnel", "content_type": 12, "codename": "delete_personnel"}}, {"model": "auth.permission", "pk": 48, "fields": {"name": "Can view personnel", "content_type": 12, "codename": "view_personnel"}}, {"model": "auth.permission", "pk": 49, "fields": {"name": "Can add description", "content_type": 13, "codename": "add_description"}}, {"model": "auth.permission", "pk": 50, "fields": {"name": "Can change description", "content_type": 13, "codename": "change_description"}}, {"model": "auth.permission", "pk": 51, "fields": {"name": "Can delete description", "content_type": 13, "codename": "delete_description"}}, {"model": "auth.permission", "pk": 52, "fields": {"name": "Can view description", "content_type": 13, "codename": "view_description"}}, {"model": "auth.permission", "pk": 53, "fields": {"name": "Can add contact", "content_type": 14, "codename": "add_contact"}}, {"model": "auth.permission", "pk": 54, "fields": {"name": "Can change contact", "content_type": 14, "codename": "change_contact"}}, {"model": "auth.permission", "pk": 55, "fields": {"name": "Can delete contact", "content_type": 14, "codename": "delete_contact"}}, {"model": "auth.permission", "pk": 56, "fields": {"name": "Can view contact", "content_type": 14, "codename": "view_contact"}}, {"model": "auth.permission", "pk": 57, "fields": {"name": "Can add service", "content_type": 15, "codename": "add_service"}}, {"model": "auth.permission", "pk": 58, "fields": {"name": "Can change service", "content_type": 15, "codename": "change_service"}}, {"model": "auth.permission", "pk": 59, "fields": {"name": "Can delete service", "content_type": 15, "codename": "delete_service"}}, {"model": "auth.permission", "pk": 60, "fields": {"name": "Can view service", "content_type": 15, "codename": "view_service"}}, {"model": "auth.permission", "pk": 61, "fields": {"name": "Can add post", "content_type": 16, "codename": "add_post"}}, {"model": "auth.permission", "pk": 62, "fields": {"name": "Can change post", "content_type": 16, "codename": "change_post"}}, {"model": "auth.permission", "pk": 63, "fields": {"name": "Can delete post", "content_type": 16, "codename": "delete_post"}}, {"model": "auth.permission", "pk": 64, "fields": {"name": "Can view post", "content_type": 16, "codename": "view_post"}}, {"model": "auth.permission", "pk": 65, "fields": {"name": "Can add message", "content_type": 17, "codename": "add_message"}}, {"model": "auth.permission", "pk": 66, "fields": {"name": "Can change message", "content_type": 17, "codename": "change_message"}}, {"model": "auth.permission", "pk": 67, "fields": {"name": "Can delete message", "content_type": 17, "codename": "delete_message"}}, {"model": "auth.permission", "pk": 68, "fields": {"name": "Can view message", "content_type": 17, "codename": "view_message"}}, {"model": "auth.permission", "pk": 69, "fields": {"name": "Can add reponse message", "content_type": 18, "codename": "add_reponsemessage"}}, {"model": "auth.permission", "pk": 70, "fields": {"name": "Can change reponse message", "content_type": 18, "codename": "change_reponsemessage"}}, {"model": "auth.permission", "pk": 71, "fields": {"name": "Can delete reponse message", "content_type": 18, "codename": "delete_reponsemessage"}}, {"model": "auth.permission", "pk": 72, "fields": {"name": "Can view reponse message", "content_type": 18, "codename": "view_reponsemessage"}}, {"model": "auth.permission", "pk": 73, "fields": {"name": "Can add direction", "content_type": 19, "codename": "add_direction"}}, {"model": "auth.permission", "pk": 74, "fields": {"name": "Can change direction", "content_type": 19, "codename": "change_direction"}}, {"model": "auth.permission", "pk": 75, "fields": {"name": "Can delete direction", "content_type": 19, "codename": "delete_direction"}}, {"model": "auth.permission", "pk": 76, "fields": {"name": "Can view direction", "content_type": 19, "codename": "view_direction"}}, {"model": "auth.permission", "pk": 77, "fields": {"name": "Can add ministere", "content_type": 20, "codename": "add_ministere"}}, {"model": "auth.permission", "pk": 78, "fields": {"name": "Can change ministere", "content_type": 20, "codename": "change_ministere"}}, {"model": "auth.permission", "pk": 79, "fields": {"name": "Can delete ministere", "content_type": 20, "codename": "delete_ministere"}}, {"model": "auth.permission", "pk": 80, "fields": {"name": "Can view ministere", "content_type": 20, "codename": "view_ministere"}}, {"model": "auth.permission", "pk": 81, "fields": {"name": "Can add service", "content_type": 21, "codename": "add_service"}}, {"model": "auth.permission", "pk": 82, "fields": {"name": "Can change service", "content_type": 21, "codename": "change_service"}}, {"model": "auth.permission", "pk": 83, "fields": {"name": "Can delete service", "content_type": 21, "codename": "delete_service"}}, {"model": "auth.permission", "pk": 84, "fields": {"name": "Can view service", "content_type": 21, "codename": "view_service"}}, {"model": "auth.permission", "pk": 85, "fields": {"name": "Can add directeur", "content_type": 22, "codename": "add_directeur"}}, {"model": "auth.permission", "pk": 86, "fields": {"name": "Can change directeur", "content_type": 22, "codename": "change_directeur"}}, {"model": "auth.permission", "pk": 87, "fields": {"name": "Can delete directeur", "content_type": 22, "codename": "delete_directeur"}}, {"model": "auth.permission", "pk": 88, "fields": {"name": "Can view directeur", "content_type": 22, "codename": "view_directeur"}}, {"model": "auth.permission", "pk": 89, "fields": {"name": "Can add chef service", "content_type": 23, "codename": "add_chefservice"}}, {"model": "auth.permission", "pk": 90, "fields": {"name": "Can change chef service", "content_type": 23, "codename": "change_chefservice"}}, {"model": "auth.permission", "pk": 91, "fields": {"name": "Can delete chef service", "content_type": 23, "codename": "delete_chefservice"}}, {"model": "auth.permission", "pk": 92, "fields": {"name": "Can view chef service", "content_type": 23, "codename": "view_chefservice"}}, {"model": "auth.permission", "pk": 93, "fields": {"name": "Can add partenaire", "content_type": 24, "codename": "add_partenaire"}}, {"model": "auth.permission", "pk": 94, "fields": {"name": "Can change partenaire", "content_type": 24, "codename": "change_partenaire"}}, {"model": "auth.permission", "pk": 95, "fields": {"name": "Can delete partenaire", "content_type": 24, "codename": "delete_partenaire"}}, {"model": "auth.permission", "pk": 96, "fields": {"name": "Can view partenaire", "content_type": 24, "codename": "view_partenaire"}}, {"model": "contenttypes.contenttype", "pk": 1, "fields": {"app_label": "admin", "model": "logentry"}}, {"model": "contenttypes.contenttype", "pk": 2, "fields": {"app_label": "auth", "model": "permission"}}, {"model": "contenttypes.contenttype", "pk": 3, "fields": {"app_label": "auth", "model": "group"}}, {"model": "contenttypes.contenttype", "pk": 4, "fields": {"app_label": "contenttypes", "model": "contenttype"}}, {"model": "contenttypes.contenttype", "pk": 5, "fields": {"app_label": "sessions", "model": "session"}}, {"model": "contenttypes.contenttype", "pk": 6, "fields": {"app_label": "token_blacklist", "model": "blacklistedtoken"}}, {"model": "contenttypes.contenttype", "pk": 7, "fields": {"app_label": "token_blacklist", "model": "outstandingtoken"}}, {"model": "contenttypes.contenttype", "pk": 8, "fields": {"app_label": "taggit", "model": "tag"}}, {"model": "contenttypes.contenttype", "pk": 9, "fields": {"app_label": "taggit", "model": "taggeditem"}}, {"model": "contenttypes.contenttype", "pk": 10, "fields": {"app_label": "main_user", "model": "user"}}, {"model": "contenttypes.contenttype", "pk": 11, "fields": {"app_label": "main_etablissement", "model": "etablissement"}}, {"model": "contenttypes.contenttype", "pk": 12, "fields": {"app_label": "main_etablissement", "model": "personnel"}}, {"model": "contenttypes.contenttype", "pk": 13, "fields": {"app_label": "main_etablissement", "model": "description"}}, {"model": "contenttypes.contenttype", "pk": 14, "fields": {"app_label": "main_etablissement", "model": "contact"}}, {"model": "contenttypes.contenttype", "pk": 15, "fields": {"app_label": "main_etablissement", "model": "service"}}, {"model": "contenttypes.contenttype", "pk": 16, "fields": {"app_label": "main_post", "model": "post"}}, {"model": "contenttypes.contenttype", "pk": 17, "fields": {"app_label": "main_message", "model": "message"}}, {"model": "contenttypes.contenttype", "pk": 18, "fields": {"app_label": "main_message", "model": "reponsemessage"}}, {"model": "contenttypes.contenttype", "pk": 19, "fields": {"app_label": "main_institution", "model": "direction"}}, {"model": "contenttypes.contenttype", "pk": 20, "fields": {"app_label": "main_institution", "model": "ministere"}}, {"model": "contenttypes.contenttype", "pk": 21, "fields": {"app_label": "main_institution", "model": "service"}}, {"model": "contenttypes.contenttype", "pk": 22, "fields": {"app_label": "main_institution", "model": "directeur"}}, {"model": "contenttypes.contenttype", "pk": 23, "fields": {"app_label": "main_institution", "model": "chefservice"}}, {"model": "contenttypes.contenttype", "pk": 24, "fields": {"app_label": "main_partenaire", "model": "partenaire"}}, {"model": "sessions.session", "pk": "b519ec2dh5ga89w820slf8hj8npl2oyf", "fields": {"session_data": ".eJxVjDsOwyAQBe9CHSE-5rMp0_sMaIElOImwZOwqyt0jJBdJ-2bmvVnAY6_h6LSFJbMrk-zyu0VMT2oD5Ae2-8rT2vZtiXwo_KSdz2um1-10_w4q9jpqpeOEmRCKQqcRvE2CJBFYgz6SQwGlJARtJGgvZLYABoubnNNRKfb5AgPnOBQ:1rIpHs:H0T77S_XgdchOyfrdqAnPXYcF61qtnvYzAKhGheZto0", "expire_date": "2024-01-11T12:14:56.616Z"}}, {"model": "taggit.tag", "pk": 1, "fields": {"name": "FORMATION", "slug": "formation"}}, {"model": "taggit.tag", "pk": 2, "fields": {"name": "ATELIER", "slug": "atelier"}}, {"model": "taggit.tag", "pk": 3, "fields": {"name": "INTERNAL", "slug": "internal"}}, {"model": "taggit.taggeditem", "pk": 1, "fields": {"tag": 1, "content_type": 16, "object_id": 1}}, {"model": "taggit.taggeditem", "pk": 2, "fields": {"tag": 1, "content_type": 16, "object_id": 2}}, {"model": "taggit.taggeditem", "pk": 3, "fields": {"tag": 2, "content_type": 16, "object_id": 3}}, {"model": "taggit.taggeditem", "pk": 4, "fields": {"tag": 3, "content_type": 16, "object_id": 4}}, {"model": "main_user.user", "pk": 1, "fields": {"password": "pbkdf2_sha256$600000$B5Wx21jVe4gnxM260JLp56$rSY9M/JqV0qbKZfYUVX+jTnaJY1RjuwSJZjXbYz5Szo=", "last_login": "2023-12-28T12:14:56.609Z", "public_id": "b186106f-dc39-4c53-9522-2300a59afde7", "created": "2023-12-28T12:13:42.703Z", "updated": "2023-12-28T12:13:42.714Z", "matricule": "123456", "first_name": "", "last_name": "", "avatar": "", "date_of_birth": null, "is_active": true, "is_admin": true, "categorie": null}}, {"model": "main_etablissement.etablissement", "pk": 2, "fields": {"public_id": "75ab7bea-f7a9-46bf-98c7-4776c0788df6", "created": "2023-12-13T06:14:36.642Z", "updated": "2023-12-30T12:56:03.847Z", "name": "CHU Morafeno", "categorie": "CHU", "adresse": "Tamatave", "logo": "", "image_description": "description_75ab7bea-f7a9-46bf-98c7-4776c0788df6/Morafeno.jpg"}}, {"model": "main_etablissement.etablissement", "pk": 3, "fields": {"public_id": "16845814-3f9d-469f-ad55-af56298a6e5c", "created": "2023-12-13T06:14:57.394Z", "updated": "2023-12-30T12:55:49.936Z", "name": "CHU PZAGA", "categorie": "CHU", "adresse": "Mahajanga", "logo": "", "image_description": "description_16845814-3f9d-469f-ad55-af56298a6e5c/CHU_PZAGA.jpg"}}, {"model": "main_etablissement.etablissement", "pk": 4, "fields": {"public_id": "24c969bb-1258-4da6-a209-fa34edae699a", "created": "2023-12-13T06:15:11.822Z", "updated": "2023-12-30T12:57:59.439Z", "name": "CHU Fenoarivo", "categorie": "CHU", "adresse": "Analamanga", "logo": "", "image_description": "description_24c969bb-1258-4da6-a209-fa34edae699a/CHU_Fenoarivo.jpg"}}, {"model": "main_etablissement.etablissement", "pk": 5, "fields": {"public_id": "c20ed850-750a-4614-ab35-1a3a4274aabe", "created": "2023-12-13T06:15:42.886Z", "updated": "2023-12-30T12:55:40.688Z", "name": "CHU Tambohobe", "categorie": "CHU", "adresse": "Fianarantsoa", "logo": "logo_c20ed850-750a-4614-ab35-1a3a4274aabe/CHU_Tambohobe_Logo.jpg", "image_description": "description_c20ed850-750a-4614-ab35-1a3a4274aabe/CHU_Tambohobe.jpg"}}, {"model": "main_etablissement.etablissement", "pk": 6, "fields": {"public_id": "802455e1-9e2d-4803-a3da-d0fdf9616fbd", "created": "2023-12-13T06:16:00.974Z", "updated": "2023-12-13T06:16:00.974Z", "name": "CHUMA", "categorie": "CHU", "adresse": "Analamanga", "logo": "", "image_description": ""}}, {"model": "main_etablissement.etablissement", "pk": 7, "fields": {"public_id": "a6d3b012-d454-4d04-8669-26cb0136a3f0", "created": "2023-12-13T06:16:22.354Z", "updated": "2023-12-30T12:46:32.025Z", "name": "CHUMB", "categorie": "CHU", "adresse": "Toliara", "logo": "logo_a6d3b012-d454-4d04-8669-26cb0136a3f0/CHUMBLogo.png", "image_description": "description_a6d3b012-d454-4d04-8669-26cb0136a3f0/CHUMB.jpg"}}, {"model": "main_etablissement.etablissement", "pk": 8, "fields": {"public_id": "7c6cda05-5c2d-4114-83ca-a1ccda0efd0c", "created": "2023-12-13T06:17:18.255Z", "updated": "2023-12-13T06:17:25.346Z", "name": "CHUMEA", "categorie": "CHU", "adresse": "Analamanga", "logo": "", "image_description": ""}}, {"model": "main_etablissement.etablissement", "pk": 9, "fields": {"public_id": "6108464c-5480-4764-8d7c-86fc4475a5f9", "created": "2023-12-13T06:17:50.307Z", "updated": "2023-12-30T12:55:24.953Z", "name": "CHU Tanambao", "categorie": "CHU", "adresse": "Antsiranana", "logo": "logo_6108464c-5480-4764-8d7c-86fc4475a5f9/Logo_CHU_Tanambao_I.jpg", "image_description": "description_6108464c-5480-4764-8d7c-86fc4475a5f9/CHU_Tanambao.jpg"}}, {"model": "main_etablissement.etablissement", "pk": 10, "fields": {"public_id": "d768a865-82e3-44e9-840d-0dd19adac0c1", "created": "2023-12-13T06:18:04.711Z", "updated": "2023-12-30T12:54:40.784Z", "name": "CHUGOB", "categorie": "CHU", "adresse": "Analamanga", "logo": "logo_d768a865-82e3-44e9-840d-0dd19adac0c1/LOHO_CHU_GOB.jpg", "image_description": "description_d768a865-82e3-44e9-840d-0dd19adac0c1/CHUGOB.jpg"}}, {"model": "main_etablissement.etablissement", "pk": 11, "fields": {"public_id": "3d3fc575-19ee-4aae-8a80-bcf4203eb37f", "created": "2023-12-13T06:18:24.177Z", "updated": "2023-12-30T12:57:36.461Z", "name": "CHU Anosiala", "categorie": "CHU", "adresse": "Analamanga", "logo": "logo_3d3fc575-19ee-4aae-8a80-bcf4203eb37f/LOGO_CHU_ANOSIALA.jpg", "image_description": "description_3d3fc575-19ee-4aae-8a80-bcf4203eb37f/CHU_ANOSIALA_1.jpg"}}, {"model": "main_etablissement.etablissement", "pk": 12, "fields": {"public_id": "01a7661e-8aef-494d-92f4-36a93c3bfa32", "created": "2023-12-13T06:18:50.990Z", "updated": "2023-12-30T12:56:46.805Z", "name": "CHU Andohotapenaka", "categorie": "CHU", "adresse": "Analamanga", "logo": "logo_01a7661e-8aef-494d-92f4-36a93c3bfa32/Logo_Andohotapenaka.jpg", "image_description": "description_01a7661e-8aef-494d-92f4-36a93c3bfa32/CHU_Andohotapenaka_2.jpg"}}, {"model": "main_etablissement.etablissement", "pk": 13, "fields": {"public_id": "5df4e011-cd02-4221-9e4e-bd1096888b7f", "created": "2023-12-13T06:19:13.473Z", "updated": "2023-12-30T12:44:07.401Z", "name": "CHUSSPA", "categorie": "CHU", "adresse": "Analamanga", "logo": "", "image_description": "description_5df4e011-cd02-4221-9e4e-bd1096888b7f/CHUSSPA.jpg"}}, {"model": "main_etablissement.etablissement", "pk": 14, "fields": {"public_id": "0f22a9ff-11d9-4825-84d1-127867b92853", "created": "2023-12-13T06:19:27.350Z", "updated": "2023-12-30T12:52:50.981Z", "name": "CHUMET", "categorie": "CHU", "adresse": "Analamanga", "logo": "logo_0f22a9ff-11d9-4825-84d1-127867b92853/CHUMET.png", "image_description": "description_0f22a9ff-11d9-4825-84d1-127867b92853/CHUMET_.JPG"}}, {"model": "main_etablissement.etablissement", "pk": 15, "fields": {"public_id": "0f99ac5c-2f03-4a45-a9cf-bb64c9f76fb6", "created": "2023-12-13T06:19:39.189Z", "updated": "2023-12-30T12:54:15.722Z", "name": "CHUJDR", "categorie": "CHU", "adresse": "Analamanga", "logo": "logo_0f99ac5c-2f03-4a45-a9cf-bb64c9f76fb6/CHUJDRLogo.jpg", "image_description": "description_0f99ac5c-2f03-4a45-a9cf-bb64c9f76fb6/CHUJDR.jpg"}}, {"model": "main_etablissement.etablissement", "pk": 16, "fields": {"public_id": "5fc18feb-e46f-4c0d-b6c2-b16f2a1fb477", "created": "2023-12-13T06:19:58.962Z", "updated": "2023-12-30T12:54:59.998Z", "name": "CHUAM", "categorie": "CHU", "adresse": "Analamanga", "logo": "logo_5fc18feb-e46f-4c0d-b6c2-b16f2a1fb477/CHUAMLogo.jpg", "image_description": "description_5fc18feb-e46f-4c0d-b6c2-b16f2a1fb477/CHUAM.jpg"}}, {"model": "main_etablissement.etablissement", "pk": 17, "fields": {"public_id": "8705026c-15e6-4d87-a127-0b31df7f0a8c", "created": "2023-12-13T06:20:16.398Z", "updated": "2023-12-30T12:57:09.000Z", "name": "CHU Andrainjato", "categorie": "CHU", "adresse": "Fianarantsoa", "logo": "logo_8705026c-15e6-4d87-a127-0b31df7f0a8c/Logo_CHU_Andrainjato.jpg", "image_description": "description_8705026c-15e6-4d87-a127-0b31df7f0a8c/CHU_Andrainjato.jpg"}}, {"model": "main_etablissement.etablissement", "pk": 18, "fields": {"public_id": "fca4cea0-4a72-44c3-a731-b984adbad823", "created": "2023-12-13T06:23:51.570Z", "updated": "2023-12-30T12:50:30.848Z", "name": "CHUPKA", "categorie": "CHU", "adresse": "Antsiranana", "logo": "logo_fca4cea0-4a72-44c3-a731-b984adbad823/CHUPKA.png", "image_description": "description_fca4cea0-4a72-44c3-a731-b984adbad823/CHUPKA.jpg"}}, {"model": "main_etablissement.etablissement", "pk": 19, "fields": {"public_id": "535f333b-bfe5-4b5b-bcc7-f3cd1a392729", "created": "2023-12-13T06:24:04.166Z", "updated": "2023-12-30T12:53:56.787Z", "name": "CHUJRA", "categorie": "CHU", "adresse": "Analamanga", "logo": "logo_535f333b-bfe5-4b5b-bcc7-f3cd1a392729/LOGO_CHU_JRA.jpg", "image_description": "description_535f333b-bfe5-4b5b-bcc7-f3cd1a392729/CHU_JRA.jpg"}}, {"model": "main_etablissement.etablissement", "pk": 20, "fields": {"public_id": "3bc71ac4-c340-43e1-baea-7240eb92f5f7", "created": "2023-12-13T06:24:52.531Z", "updated": "2023-12-30T12:56:30.572Z", "name": "CHU Analakininina", "categorie": "CHU", "adresse": "Tamatave", "logo": "logo_3bc71ac4-c340-43e1-baea-7240eb92f5f7/CHU_Analakininina_Logo.jpg", "image_description": "description_3bc71ac4-c340-43e1-baea-7240eb92f5f7/CHU_Analakininina.jpeg"}}, {"model": "main_etablissement.etablissement", "pk": 21, "fields": {"public_id": "906552dc-e443-4650-b31f-76267992fa91", "created": "2023-12-13T06:29:20.370Z", "updated": "2023-12-30T12:49:54.526Z", "name": "CHUSMA", "categorie": "CHU", "adresse": "Analamanga", "logo": "", "image_description": "description_906552dc-e443-4650-b31f-76267992fa91/CHUSMA.jpg"}}, {"model": "main_etablissement.etablissement", "pk": 22, "fields": {"public_id": "ca3067d9-3048-4a11-96b8-f1aa164d6f59", "created": "2023-12-13T07:19:21.537Z", "updated": "2023-12-30T12:53:30.394Z", "name": "CHUJRB", "categorie": "CHU", "adresse": "Analamanga", "logo": "logo_ca3067d9-3048-4a11-96b8-f1aa164d6f59/Logo_CHU_JRB.jpg", "image_description": "description_ca3067d9-3048-4a11-96b8-f1aa164d6f59/CHU_JRB.jpg"}}, {"model": "main_etablissement.etablissement", "pk": 23, "fields": {"public_id": "5f8665bf-1ccb-4056-8b15-e60a4e1e2022", "created": "2023-12-13T08:16:09.033Z", "updated": "2023-12-30T12:57:49.807Z", "name": "CHU Antanambao", "categorie": "CHU", "adresse": "Toliara", "logo": "", "image_description": "description_5f8665bf-1ccb-4056-8b15-e60a4e1e2022/CHU_Antanambao.jpg"}}, {"model": "main_etablissement.personnel", "pk": 2, "fields": {"public_id": "a7e00dfe-e200-42e4-bb05-912150a91c94", "created": "2023-12-13T07:58:09.310Z", "updated": "2023-12-13T07:58:09.310Z", "etablissement": 16, "nom": "RANAIVONDRAMBOLA", "prenom": "Ando Tatiana", "matricule": null, "categorie": "DE", "photo": ""}}, {"model": "main_etablissement.personnel", "pk": 3, "fields": {"public_id": "4af25cb7-6a96-4f31-bad2-09a3b8245423", "created": "2023-12-13T07:58:29.374Z", "updated": "2023-12-13T07:58:29.374Z", "etablissement": 4, "nom": "RATSIMAMANGA", "prenom": "Albert Sylla", "matricule": null, "categorie": "DE", "photo": ""}}, {"model": "main_etablissement.personnel", "pk": 4, "fields": {"public_id": "68da8557-79cc-4c4b-a480-0b0553565e4a", "created": "2023-12-13T07:58:49.284Z", "updated": "2023-12-13T07:58:49.284Z", "etablissement": 11, "nom": "RAJAONARIVELO", "prenom": "Tianaharivelo", "matricule": null, "categorie": "DE", "photo": ""}}, {"model": "main_etablissement.personnel", "pk": 5, "fields": {"public_id": "aa9c0d64-39d1-4b74-b754-f9ed11183e29", "created": "2023-12-13T07:59:08.693Z", "updated": "2023-12-13T07:59:08.693Z", "etablissement": 15, "nom": "RAZAFINDRABE", "prenom": "John Alberto Bam", "matricule": null, "categorie": "DE", "photo": ""}}, {"model": "main_etablissement.personnel", "pk": 6, "fields": {"public_id": "bbdfe2e5-b81d-468b-b16f-0b3fb5bd2485", "created": "2023-12-13T07:59:30.687Z", "updated": "2023-12-13T07:59:30.687Z", "etablissement": 14, "nom": "ROBINSON", "prenom": "Annick Lalaina", "matricule": null, "categorie": "DE", "photo": ""}}, {"model": "main_etablissement.personnel", "pk": 7, "fields": {"public_id": "28dc0bcf-52e2-429d-9816-1c7b811cfc09", "created": "2023-12-13T07:59:50.329Z", "updated": "2023-12-13T07:59:50.329Z", "etablissement": 19, "nom": "RAMAROLAHY", "prenom": "Andriatiaray Rija", "matricule": null, "categorie": "DE", "photo": ""}}, {"model": "main_etablissement.personnel", "pk": 8, "fields": {"public_id": "1164f7da-bdf7-4c4f-8307-9c77392a952b", "created": "2023-12-13T08:00:06.252Z", "updated": "2023-12-13T08:00:06.252Z", "etablissement": 22, "nom": "RAKOTOVAO", "prenom": "Luc", "matricule": null, "categorie": "DE", "photo": ""}}, {"model": "main_etablissement.personnel", "pk": 9, "fields": {"public_id": "31ffc732-4bf5-4e96-84c1-ae423cec3672", "created": "2023-12-13T08:00:28.941Z", "updated": "2023-12-13T08:00:28.941Z", "etablissement": 12, "nom": "RABOBA", "prenom": "Julia Liliane", "matricule": null, "categorie": "DE", "photo": ""}}, {"model": "main_etablissement.personnel", "pk": 10, "fields": {"public_id": "d32c41c3-d04f-4277-bd26-c97a8814abb7", "created": "2023-12-13T08:00:48.160Z", "updated": "2023-12-13T08:00:48.160Z", "etablissement": 21, "nom": "RAHANITRANDRASANA", "prenom": "Odile", "matricule": null, "categorie": "DE", "photo": ""}}, {"model": "main_etablissement.personnel", "pk": 11, "fields": {"public_id": "0690806f-d2ce-4a15-8681-91bb73b32770", "created": "2023-12-13T08:01:10.353Z", "updated": "2023-12-13T08:01:10.353Z", "etablissement": 13, "nom": "RAKOTOMALALA", "prenom": "Vololoniaina", "matricule": null, "categorie": "DE", "photo": ""}}, {"model": "main_etablissement.personnel", "pk": 12, "fields": {"public_id": "c5bca361-aade-4045-a8f4-a541a4294213", "created": "2023-12-13T08:01:31.642Z", "updated": "2023-12-13T08:01:31.642Z", "etablissement": 8, "nom": "RAVELOMANANA", "prenom": "Lovaniaina", "matricule": null, "categorie": "DE", "photo": ""}}, {"model": "main_etablissement.personnel", "pk": 13, "fields": {"public_id": "96da4def-62c1-4b63-b628-877f678e2f03", "created": "2023-12-13T08:01:52.214Z", "updated": "2023-12-13T08:01:52.214Z", "etablissement": 10, "nom": "ANDRIANAMPANALINARIVO HERY", "prenom": "Rakotovao", "matricule": null, "categorie": "DE", "photo": ""}}, {"model": "main_etablissement.personnel", "pk": 14, "fields": {"public_id": "96baf318-1edb-4081-8317-5f1e2f99c07d", "created": "2023-12-13T08:02:37.816Z", "updated": "2023-12-13T08:02:37.816Z", "etablissement": 7, "nom": "RANDRIANJAKA", "prenom": "Herinirina Francis", "matricule": null, "categorie": "DE", "photo": ""}}, {"model": "main_etablissement.personnel", "pk": 15, "fields": {"public_id": "ddcc7c09-efbf-4efe-bc61-a955676b5d51", "created": "2023-12-13T08:21:41.323Z", "updated": "2023-12-13T08:21:41.323Z", "etablissement": 23, "nom": "MASINANDRO", "prenom": "Eddy Flor", "matricule": null, "categorie": "DE", "photo": ""}}, {"model": "main_etablissement.personnel", "pk": 16, "fields": {"public_id": "0f4bf6be-d3b3-4dc1-aa32-4619a25ace2d", "created": "2023-12-13T08:22:03.228Z", "updated": "2023-12-13T08:22:03.228Z", "etablissement": 9, "nom": "ANDRIANIAINA", "prenom": "Hery Dels", "matricule": null, "categorie": "DE", "photo": ""}}, {"model": "main_etablissement.personnel", "pk": 17, "fields": {"public_id": "b6a18300-4261-49dd-8521-cf6151c303d4", "created": "2023-12-13T08:22:23.565Z", "updated": "2023-12-13T08:22:23.565Z", "etablissement": 3, "nom": "ANDRIANARIMANANA", "prenom": "Kocher Diavolana", "matricule": null, "categorie": "DE", "photo": ""}}, {"model": "main_etablissement.personnel", "pk": 18, "fields": {"public_id": "c51c484d-4ffc-4df5-b4a6-23869d7e425a", "created": "2023-12-13T08:22:40.844Z", "updated": "2023-12-13T08:22:40.844Z", "etablissement": 18, "nom": "RANDRIAMBOLOLONA", "prenom": "Domoina", "matricule": null, "categorie": "DE", "photo": ""}}, {"model": "main_etablissement.personnel", "pk": 19, "fields": {"public_id": "c37c317d-bb77-4c67-a688-f892829032a1", "created": "2023-12-13T08:23:01.104Z", "updated": "2023-12-13T08:23:01.104Z", "etablissement": 6, "nom": "HABIB", "prenom": "Nouraly", "matricule": null, "categorie": "DE", "photo": ""}}, {"model": "main_etablissement.personnel", "pk": 20, "fields": {"public_id": "472a3565-447a-48ee-9b54-f52a57adf772", "created": "2023-12-13T08:23:24.955Z", "updated": "2023-12-13T08:23:24.955Z", "etablissement": 5, "nom": "RABEHARISOA", "prenom": "Raotomalala Andy Rakoto", "matricule": null, "categorie": "DE", "photo": ""}}, {"model": "main_etablissement.personnel", "pk": 21, "fields": {"public_id": "1374c649-7ca4-4b66-b3ac-eb21a168f0ce", "created": "2023-12-13T08:23:44.610Z", "updated": "2023-12-13T08:23:44.610Z", "etablissement": 17, "nom": "RANDRIAMANANTENA", "prenom": "Tahiriarivelo", "matricule": null, "categorie": "DE", "photo": ""}}, {"model": "main_etablissement.personnel", "pk": 22, "fields": {"public_id": "6a4c52ed-1078-411d-92d3-bd6924dae2f0", "created": "2023-12-13T08:26:33.743Z", "updated": "2023-12-13T08:26:33.743Z", "etablissement": 2, "nom": "Harioly Nirina Marie", "prenom": "Osée Judicael", "matricule": null, "categorie": "DE", "photo": ""}}, {"model": "main_etablissement.personnel", "pk": 23, "fields": {"public_id": "e23789e3-1fec-4978-bd92-73c507bfe316", "created": "2023-12-13T08:27:13.229Z", "updated": "2023-12-13T08:27:13.229Z", "etablissement": 20, "nom": "RAFANOMEZANTSOA", "prenom": "Toky Andriamahefa", "matricule": null, "categorie": "DE", "photo": ""}}, {"model": "main_etablissement.description", "pk": 1, "fields": {"public_id": "98ea91a8-d60d-4eb8-9305-f30030b9a57f", "created": "2023-12-30T13:14:28.648Z", "updated": "2023-12-30T13:14:28.648Z", "etablissement": 15, "content": "Le Centre Hospitalier Universitaire Joseph Dieu Donné Rakotovao est un hôpital stratégiquement situé à Befelatanana, à proximité de la maternité, dédié à la stomatologie et à la chirurgie maxillo-faciale. \r\n\r\nOn y trouve trois services techniques incluant la chirurgie maxillo-faciale, l’odontostomatologie pour les soins dentaires, et le service d’anesthésie réanimation. Des soins dentaires complets : les extractions, avec des soins standards et des soins  spécialisés. La chirurgie plastique est pratiquée sur place pour ne citer que les interventions pour le bec de lièvre et la fente labio-palatine. L’Imagerie est spécifique aux dents et aux mâchoires.\r\n\r\n L’hôpital est ouvert 24/7, accueillant également des étudiants en formation médicale, paramédicale, et autres. Des activités de recherche sont réalisées de façon continue avec thèses et publications annuelles."}}, {"model": "main_etablissement.description", "pk": 2, "fields": {"public_id": "38eae404-2b6b-491e-b5d4-790e86807869", "created": "2023-12-30T13:14:52.725Z", "updated": "2023-12-30T13:14:52.725Z", "etablissement": 16, "content": "Le Centre Hospitalier Universitaire d’Appareillage de Madagascar, créé en 1951, est le centre de référence  nationale en matière de rééducation et d’appareillage orthopédique. \r\nSitué au cœur d’Antananarivo Renivohitra, sa mission inclut des soins de qualité en interdisciplinarité pour les personnes en situation de handicap physiques, la formation d’étudiants, et la recherche pour la réadaptation à Madagascar. \r\n\r\nSes activités couvrent les consultations médicales, la kinésithérapie, l’ergothérapie, l’orthophonie, et la confection d’appareillage orthopédique. Prise en charge variée, de pathologies orthopédiques comme le pied bot, la déformation rachitique, l’amputation, etc. De la lombalgie liée à des problèmes rhumatologiques, de pathologies neurologiques telles que la paralysie cérébrale post AVC et la maladie de Parkinson."}}, {"model": "main_etablissement.description", "pk": 3, "fields": {"public_id": "b80c1cf9-9e2b-45ee-8747-83453918b561", "created": "2023-12-30T13:15:14.486Z", "updated": "2023-12-30T13:15:14.486Z", "etablissement": 20, "content": "Implanté à Toamasina, Madagascar, dans l’Est de la Grande Ile, le Centre Hospitalier Universitaire Analankininina (Hopitalybe) est un hôpital universitaire de référence assurant une mission de proximité dans la région Atsinanana. \r\n\r\nIl assure des soins d’urgence, de cancérologie, de  chirurgie, d’ORL, de maternité de type III, de  pédiatrie, d’ophtalmologie, de médecine interne, de  dialyse, de pneumologie, de psychiatrie, de  médecine bucco-dentaire, de réanimation ainsi que des soins de rééducation. \r\nAccueillant les urgences adultes, pédiatriques, et gynécologiques, il joue également un rôle clé en tant que Centre Hospitalier Universitaire (CHU), rattaché à la faculté de médecine, avec des missions dédiées à l’enseignement et à la recherche."}}, {"model": "main_etablissement.description", "pk": 4, "fields": {"public_id": "28ccebb2-4aaf-443c-a754-0f3d19092be5", "created": "2023-12-30T13:15:38.816Z", "updated": "2023-12-30T13:15:38.816Z", "etablissement": 19, "content": "Le Centre Hospitalier Universitaire Joseph Ravoahangy Andrianavalona (CHUJRA), plus grand hôpital de Madagascar, fondé en 1965 à Ampefiloha Antananarivo, est dédié aux soins de référence en tant que Centre Hospitalier. En tant que Centre Universitaire, il assure un encadrement pédagogique des étudiants en médecine et paramédicaux. Il contribue également à la formation continue des personnels de santé et participe aux activités de recherche. \r\n\r\nA vocation essentiellement chirurgicale, le CHUJRA propose une large gamme de service de soins de santé, y compris les soins d’urgence, ambulatoires, hospitaliers, et de réadaptation. Offrant des services spécialisés tels que le centre de transfusion sanguine, l’oncologie, la réanimation médicale et toxicologique, la réanimation néphrologique et l’imagerie médicale. \r\nLe CHUJRA promeut le bien-être avec le slogan « izay marary andrianina »."}}, {"model": "main_etablissement.description", "pk": 5, "fields": {"public_id": "a26ff35b-cddb-42f2-885d-f4fa079b431f", "created": "2023-12-30T13:15:53.611Z", "updated": "2023-12-30T13:15:53.611Z", "etablissement": 17, "content": "Le Centre Hospitalier Universitaire Andrainjato Fianarantsoa est le dernier recours dans la pyramide sanitaire de Madagascar dans la région de Haute Matsiatra. Ce CHU contribue non seulement à la Région de Haute Matsiatra mais aussi au Sud-Est et au Sud-Ouest du pays.\r\nC’est un hôpital de référence de troisième niveau situé près de l’Université de Fianarantsoa. Travaillant étroitement avec la Faculté de Médecine de Fianarantsoa, et forme des étudiants en médecine et paramédicaux. \r\n\r\nEn matière de soins, il offre des spécialités médicales telles que la Gastro-entérologie, la Médecine Interne, la Néphrologie avec un centre d’hémodialyse, la Neurologie, la Chirurgie Maxillo-faciale, et la Chirurgie pédiatrique. On y trouve également des services paracliniques comme l’imagerie avec le scanner, l’endoscopie, et l’électroencéphalogramme. Est disponible également sur place, un centre d’examen d’anatomocytopathologie, qui est un centre spécialisé dans l’analyse des tissus et des cellules prélevés lors de biopsies, de chirurgies ou d’autres procédures médicales."}}, {"model": "main_etablissement.description", "pk": 6, "fields": {"public_id": "87456e21-5e6b-4fb4-874a-4c7f9331f948", "created": "2023-12-30T13:16:09.740Z", "updated": "2023-12-30T13:16:09.740Z", "etablissement": 9, "content": "Le Centre Hospitalier Universitaire Tanambao I Antsiranana est le dernier recours dans la pyramide sanitaire de Madagascar pour les régions DIANA et SAVA, et se trouve au cœur de Diégo-Suarez. \r\nTout comme les autres CHU, il a pour mission de Soins, de Formations et de Recherches. \r\nAvec une vocation chirurgicale, il excelle en traumatologie-neurochirurgicale, de l’appareil locomoteur, et abdomino-thoracique. \r\n\r\nSes activités comprennent entre autres des consultations spécialisées chirurgicales, notamment neurochirurgicales, traumato-orthopédiques, générales, digestives, et viscérales, ainsi que des services oncologiques. Doté d’un plateau technique d’imagerie avancé, incluant un nouveau scanner de 64 barrettes, il dessert les régions de DIANA, SAVA, parfois SOFIA, ainsi que les îles voisines."}}, {"model": "main_etablissement.description", "pk": 7, "fields": {"public_id": "2304e2ca-709a-4199-b67c-97d4bff05dd5", "created": "2023-12-30T13:16:30.940Z", "updated": "2023-12-30T13:16:30.940Z", "etablissement": 6, "content": "Situé à Mahavoky Atsimo Mahajanga, le Centre Hospitalier Universitaire Mahavoky Atsimo Mahajanga (CHUMA), est un centre de Référence de la région Boeny, Betsiboka, Melaky et Sofia.\r\nInauguré en 2013, il a évolué pour devenir un centre de référence médical essentiel. Offrant des soins de qualité dans les domaines tels que la cardiologie, l’hépato-gastro-entérologie, la néphrologie, la rhumatologie, la dermatologie, la chirurgie, la médecine interne, et les maladies infectieuses.\r\n\r\nIl dispose d’un des meilleurs services des urgences, d’un laboratoire de biochimie et de biologie moléculaire, ainsi que de l’imagerie médicale qui englobe diverses modalités diagnostiques, parmi lesquelles le scanner demeure un outil essentiel pour des examens approfondis et précis. \r\nAvec une équipe dévouée de 135 membres, l’hôpital accueille environ 2673 patients par an en consultation externe et hospitalisation."}}, {"model": "main_etablissement.description", "pk": 8, "fields": {"public_id": "846d6f23-87a6-4d60-997c-99b96213c4cd", "created": "2023-12-30T13:16:45.418Z", "updated": "2023-12-30T13:16:45.418Z", "etablissement": 3, "content": "Le Centre Hospitalier Universitaire Professeur Zafisaona Gabriel (CHU PZaGa) à Mahajanga, centenaire depuis sa construction en 1924, est le plus vaste CHU de Madagascar, étendu sur 14 hectares. Il joue un rôle essentiel en tant que centre de référence, de formation, de recherche et d’expertise dans la province de Mahajanga. \r\n\r\nLe complexe mère-enfants du CHU PZaGa, outre les services d’urgence pédiatrique et d’hospitalisation standard, se distingue par son taux de mortalité maternel et néonatal parmi les plus bas à Madagascar. Le CHU PZaGa dispose de diverses  installations avancées et de services de qualité, y compris une clinique ophtalmologique moderne et une unité de dentisterie hautement qualifiée. \r\n\r\nExpert en santé materno-infantile et en tête et cou, le CHU PZaGa est également spécialisé dans le diagnostic et le traitement de la tuberculose et du VIH. L’unité  d’oncologie dirigée par un chef de clinique dispose d’un centre de soins palliatifs."}}, {"model": "main_etablissement.description", "pk": 9, "fields": {"public_id": "a474cb0d-6644-4dbb-bc24-24ece6ee10fa", "created": "2023-12-30T13:17:04.674Z", "updated": "2023-12-30T13:17:04.674Z", "etablissement": 11, "content": "Le Centre Hospitalier Universitaire Anosiala, implanté dans la Commune Rurale d’Anosiala, District d’Ambohidratrimo, est un Centre Hospitalier Universitaire fonctionnel depuis 2015. \r\nOrganisé en 8 services cliniques, dont l’urgence et Réanimation, la médecine polyvalente, la médecine physique et de Réadaptation (rééducation fonctionnelle), la pédiatrie, la chirurgie (orthopédie traumatologique, générale, viscérale, pédiatrique), le bloc opératoire, la tête et cou (Neurochirurgie, ophtalmologie, ORL), et les consultations externes. \r\n\r\nIl dispose également de 4 services paracliniques comprenant le laboratoire, l’anatomie pathologique, l’imagerie médicale -bientôt équipée de 2 scanners-, et une pharmacie. \r\nFruit d’une collaboration malgacho-chinoise, le CHU Anosiala bénéficie d’un appui technique et médical permanent, avec un plateau technique de qualité. Dont la pratique de la télé-médecine avec l’Université de Lanzhou en Chine. \r\n\r\nLe CHU Anosiala est également le seul centre hospitalier dans tout Madagascar à pratiquer la médecine traditionnelle chinoise. Outre cette dernière, il propose des chirurgies mini-invasives, des explorations fonctionnelles, et même des services spécialisés tels que la neurochirurgie vasculaire."}}, {"model": "main_etablissement.description", "pk": 10, "fields": {"public_id": "972863c3-b7ef-45e4-b567-4e0e4d1276a2", "created": "2023-12-30T13:17:30.112Z", "updated": "2023-12-30T13:17:42.003Z", "etablissement": 14, "content": "Le Centre Hospitalier Universitaire Mère Enfant Tsaralalàna ou CHUMET, communément appelé « Hôpital des Enfants », se situe au centre ville d’Antananarivo. C’est un hôpital pour enfants de 0 à 14 ans et un centre de vaccination. Il est surtout spécialisé dans la prise en charge des maladies de l’enfant ne nécessitant  pas de chirurgie. \r\n\r\n C’est aussi un hôpital universitaire où des étudiants en médecine, en pharmacie et en sciences infirmières effectuent leurs stages pratiques. Des recherches en santé avec des partenaires techniques et financiers y sont également menées.\r\n\r\nD’autres offres de service sont disponibles : la consultation externe pour les enfants ne nécessitant pas d’hospitalisation, un laboratoire d’analyse médicale et un service de radiologie et d’échographie pouvant recevoir adultes et enfants. Le CHUMET travaille en étroite collaboration avec différents collaborateurs pour l’amélioration continue des offres de soin."}}, {"model": "main_etablissement.description", "pk": 11, "fields": {"public_id": "42612c7f-b8f4-438d-9a02-2a9f4cadd6cd", "created": "2023-12-30T13:18:00.776Z", "updated": "2023-12-30T13:18:00.776Z", "etablissement": 2, "content": "Le Centre Hospitalier Universitaire de Morafeno Toamasina (CHU Morafeno), établissement public inauguré en 2013, est situé à Toamasina, en bordure de la Route d’Ivoloina. Le CHU Morafeno dessert la région Atsinanana, couvrant 7 districts et 91 communes. \r\n\r\nSes services comprennent un service de réanimation avec l’Accueil Triage Urgence et l’USFR Réanimation. Un service de Médecine  avec des spécialisations telles que dermatologie, cardiologie, rhumatologie, pneumologie et neurologie, ainsi qu’un service de chirurgie avec des spécialités comme traumatologie orthopédiste,  chirurgie vasculaire et neurochirurgie, du quartier opératoire. Le service paraclinique inclut des unités d’imagerie médicale, de biologie médicale, d’exploration fonctionnelle et une unité de pharmacie."}}, {"model": "main_etablissement.description", "pk": 12, "fields": {"public_id": "0606976f-66b8-4c98-be50-d9bd58bd2e47", "created": "2023-12-30T13:18:23.406Z", "updated": "2023-12-30T13:18:23.406Z", "etablissement": 12, "content": "Le CHU Andohatapenaka, opérationnel depuis janvier 2014, se situe à la périphérie de la ville d’Antananarivo. Avec plus de 170 membres du personnel, il se consacre à la formation, à la recherche, et offre des soins polyvalents (externes et hospitalisés). Chaque service de soins est dirigé par un médecin  spécialiste ou un médecin formé en DU selon sa spécialité. \r\nLes services médico-chirurgicaux comprennent Accueil-Triage-Urgence, dentisterie, bloc opératoire, imagerie médicale (scanner, radiologie, échographie, mammographie), analyse biologique médicale et le plus grand service public d’ORL à Antananarivo. A part le CHU sis à Befelatanana, le CHU Andohatapenaka est également équipé d’un service combiné de maternité et de gynécologie. \r\n\r\nIl abrite également le seul service public de médecine nucléaire à Madagascar, offrant des diagnostics rapides et précoces avec la radiothérapie des tumeurs, en particulier pour le cancer thyroïdien, les métastases osseuses et l’embolie pulmonaire."}}, {"model": "main_etablissement.description", "pk": 13, "fields": {"public_id": "3c29b743-22d4-4e80-a1c2-dc3af688c90d", "created": "2023-12-30T13:18:44.204Z", "updated": "2023-12-30T13:18:44.204Z", "etablissement": 13, "content": "Le Centre Hospitalier Universitaire de Soins et de Santé Publique Analakely (CHUSSPA) est fonctionnel depuis maintenant plus de 90 ans. Sa notoriété et sa situation géographique, étant situé en pleine centre-ville d’Antananarivo lui prévalent d’être un centre de référence incontournable en matière de consultation externe spécialisée multidisciplinaire à un coût abordable voire même gratuite. \r\n\r\nLa dermatologie et l’ophtalmologie occupent une place particulière au sein de l’Etablissement, en effet avec quatre dermatologues et deux ophtalmologistes, le CHU accueille annuellement 17.280 patients en consultation  dermatologique et environ 5.760 patients en ophtalmologie. \r\nEn outre, CHUSSPA possède une plateforme complète de Visite Médicale d’Aptitude (VMA) avec un service spécialisé en santé au travail, un laboratoire pour les analyses médicales nécessaires, et un ensemble de services spécialisés comme l’ophtalmologie, l’Oto-rhino-laryngologie, la pneumologie, la dermatologie, la santé mentale permettant la réalisation d’examens spécifiques comme l’audiogramme, l’électrocardiogramme, l’électroencéphalogramme et le travail en équipe médicale pluridisciplinaire en cas de découverte d’une pathologie. \r\n\r\nEnfin, mais pas des moindres, l’Unité Vaccination Internationale est l’unique en son genre à Madagascar. Les certificats de vaccination et carnets de vaccination internationale ne sont délivrés que par le CHUSSPA."}}, {"model": "main_etablissement.description", "pk": 14, "fields": {"public_id": "3749b7ad-9414-46d0-a0df-a5c936172e62", "created": "2023-12-30T13:19:02.949Z", "updated": "2023-12-30T13:19:02.949Z", "etablissement": 4, "content": "Le Centre Hospitalier Universitaire Fenoarivo se situe à 13 Km d’Antananarivo et est un CHU spécialisé en pneumo-phtisiologie. \r\nLes services médicaux offerts incluent la pneumo-phtisiologie, la médecine générale ainsi que la médecine payante. \r\n\r\nEn matière d’explorations para cliniques, l’Etablissement dispose d’un laboratoire d’analyses biologiques (biochimie, hématologie, microbiologie), d’imagerie médicale (radiographie et échographie avec doppler), et d’explorations fonctionnelles respiratoires telles que fibroscopie bronchiques, spirométries, analyses de gaz sanguins, polygraphies et ECG."}}, {"model": "main_etablissement.description", "pk": 15, "fields": {"public_id": "695646d3-e3cb-403f-bc49-634cfea94ab9", "created": "2023-12-30T13:19:17.004Z", "updated": "2023-12-30T13:19:17.004Z", "etablissement": 10, "content": "Le Centre Hospitalier Universitaire de Gynécologie et Obstétrique Befelatanana (CHUGOB) est une maternité de niveau II b et un centre de référence.\r\nChaque année, l’Etablissement effectue 8000 accouchements, comprenant 3500 césariennes, et enregistre 11500 admissions. Ses domaines d’expertise englobent l’obstétrique, la gynécologie chirurgicale et médicale, l’anesthésie-réanimation, la pédiatrie néonatale, ainsi que la biologie et l’imagerie médicale. \r\n\r\nEn termes de soins, l’hôpital assure des services variés tels que l’accouchement, les urgences obstétricales, les pathologies obstétricales, gynécologiques standards et oncologiques, le planning familial, la réanimation néonatale niveau II b, les soins intensifs maternels et vaccination des nouveau-nés.\r\n\r\nPour les formations et recherches, le centre hospitalier accueille en moyenne 1000 étudiants par an en médecine et paramédicaux."}}, {"model": "main_etablissement.description", "pk": 16, "fields": {"public_id": "bf62b06e-2df2-4729-9777-df2b82aa15ee", "created": "2023-12-30T13:19:42.055Z", "updated": "2023-12-30T13:19:42.055Z", "etablissement": 7, "content": "Le Centre Hospitalier Universitaire Mitsinjo Betanimena (CHUMB) est un centre hospitalier de référence, situé dans la commune rurale de Toliara II, relevant de la région Atsimo Andrefana. \r\n\r\nLe CHU est divisé en plusieurs services, tels que le Service de Chirurgie Générale, le Service de Médecine, le Service de Pédiatrie, le Service de Maternité, le Service des Urgences, et le Service de Réanimation. En plus des services cliniques, le Service d’Imagerie Médicale, doté d’appareils de scannographie, radiologie et échographie, ainsi que le Service de Laboratoire, sont également fonctionnels.\r\n\r\nDe plus, le CHUMB s’apprête à ouvrir son  deuxième laboratoire (LA2M), son centre de dialyse, le centre de transfusion, le centre d’appel téléphonique ainsi que le Centre de récupération nutritionnelle intensif (CRENI)."}}, {"model": "main_etablissement.description", "pk": 17, "fields": {"public_id": "5f935b87-13a1-47e1-a205-5252d3cd1220", "created": "2023-12-30T13:19:54.169Z", "updated": "2023-12-30T13:19:54.169Z", "etablissement": 6, "content": "Le Centre Hospitalier Universitaire de santé Mentale d’Anjanamasina est un Hôpital qui se consacre essentiellement à la prise en charge des patients atteints de troubles mentaux, mettant l’accent sur la prévention, le traitement et la réinsertion sociale. Ses principales activités incluent la consultation externe, l’hospitalisation, l’ergothérapie, l’art-thérapie, ainsi que des psychothérapies telles que l’Eye Movement Desensitization and Reprocessing (EMDR) et la Brainspotting (BSP). Sans oublier la prise en charge et le traitement des troubles liés à la toxicomanie, aidant ainsi les individus ayant des difficultés liées à la drogue.\r\n\r\nActuellement, le CHUSMA travaille sur des projets tels qu’une unité dédiée aux adolescents, un Centre psycho traumatique, et une Unité mère-enfant pour répondre aux besoins spécifiques des personnes concernées."}}, {"model": "main_etablissement.description", "pk": 18, "fields": {"public_id": "12e282ac-a1ec-4799-b636-1078f30154fb", "created": "2023-12-30T13:20:12.719Z", "updated": "2023-12-30T13:20:12.719Z", "etablissement": 5, "content": "Le Centre Hospitalier Universitaire Tambohobe de Fianarantsoa, fondé en 1902, représente l’un des deux Centres Hospitaliers Universitaires de la Région Haute Matsiatra. Avec ses 30 services et environ 400 membres du personnel, il s’engage dans quatre missions essentielles : les soins, la prévention, la recherche et l’enseignement en coopération avec l’Université de Fianarantsoa et d’autres institutions à Madagascar. \r\n\r\nEn tant que pôle de référence au-delà de la Région Haute Matsiatra, le CHU Tambohobe excelle dans des domaines variés tels que la Gynéco-Obstétrique, la Neurochirurgie, la Traumato-Orthopédie adulte, l’Oto-rhino-laryngologie, l’Ophtalmologie, la Viscéralgie adulte, la Cardiologie, la Pneumo-phtisiologie, l’Oncologie, la Psychiatrie, les Maladies Infectieuses et Parasitaires, la Pédiatrie médicale, incluant les dépistages des malformations cardiaques congénitales avec une possibilité de prise en charge chirurgicale gratuite en collaboration avec des partenaires étrangers.\r\nDans le cadre de partenariats, le CHU Tambohobe offre gratuitement des services tels que la prise en charge des enfants présentant des pathologies associées à la malnutrition,  le service d’Appareillage, de Rééducation, et d’Ergothérapie, ainsi que le Centre Régional de Transfusion Sanguine.\r\n\r\nSon plateau technique comprend un service d’imagerie médicale (échographie, radiographie) et un laboratoire polyvalent et de biologie moléculaire."}}, {"model": "main_etablissement.description", "pk": 19, "fields": {"public_id": "6c3d70eb-fab7-4087-a56a-522b27de6e60", "created": "2023-12-30T13:20:26.672Z", "updated": "2023-12-30T13:20:26.672Z", "etablissement": 18, "content": "Le CHU de Place Kabary Antsiranana (CHUPKA), établi dans la ville d’Antsiranana, est un hôpital de référence de troisième niveau. Il couvre neuf districts des régions DIANA et SAVA, à savoir Diégo I, Diégo II, Ambilobe, Nosy Be, Ambanja, Sambava, Antalaha, Vohémar, et Andapa. Le CHUPKA, inauguré en 1901, compte parmi les plus anciens hôpitaux de Madagascar, assurant les missions essentielles des CHU : soins, formation et recherche.\r\n\r\nSon secteur technique est structuré en quatre départements, comprenant le département Médecine (ATU et réanimation médicale, Neurologie-Cardiologie, Médecine interne et Maladies infectieuses, Psychiatrie, Appareillage et rééducation), le département Tête et cou (ORL, Ophtalmologie), le département d’Appui clinique (Laboratoire, Imagerie, Centre régional de transfusion sanguine), et, depuis la fin de juillet 2023, le département Mère-Enfant, comprenant un service de Gynécologie-Obstétrique, un bloc opératoire et un service de Pédiatrie."}}, {"model": "main_etablissement.description", "pk": 20, "fields": {"public_id": "a13cdc43-f747-44da-8b71-d8f7aa2e3e4c", "created": "2023-12-30T13:20:39.279Z", "updated": "2023-12-30T13:20:39.280Z", "etablissement": 22, "content": "Le Centre Hospitalier Universitaire Joseph RasetaBefelatanana (CHUJRB), anciennement connu sous le nom d’Hôpital Général de Befelatanana, a été fondé en 1926. Initialement à activité mixte, médico-chirurgicale, le CHUJRB est aujourd’hui un établissement de référence exclusivement médical.\r\n\r\nAu sein du CHUJRB, diverses spécialités médicales sont représentées, telles que l’USIC et le Service de Cardiologie, le Service de Pédiatrie et Urgence pédiatrique, l’ATUR, la Néphrologie et le Service d’hémodialyse, l’Hepato-Gastro-Enterologie, la Diabétologie, l’endocrinologie et les maladies métaboliques, la Rhumatologie, la Dermatologie, la Médecine interne, les Maladies infectieuses, la Pneumo-phtysiologie, et la Neuro-Psychiatrie.\r\n\r\nLe CHUJRB est également doté d’un Laboratoire de Biologie Médicale, d’un Centre d’imagerie équipé d’un Scanner performant, ainsi que d’installations pour l’exploration endoscopique (digestive, broncho-pulmonaire). Une particularité notable du CHUJRB est la possession d’un Centre de Traitement des Déchets hospitaliers équipé d’un incinérateur sans fumée."}}, {"model": "main_etablissement.description", "pk": 21, "fields": {"public_id": "f3d3f264-dbfd-4fa2-94a4-f2fbda14736e", "created": "2023-12-30T13:21:06.586Z", "updated": "2023-12-30T13:21:06.586Z", "etablissement": 8, "content": "Le Centre Hospitalier Universitaire Mère Enfant Ambohimiandra est le seul établissement de santé public du côté Est d’Antananarivo, situé à 5 km du centre-ville en direction de Mahazoarivo. Fondé en 1923 pendant les épidémies de peste coloniales, il a servi de camp d’observation (Ancien Lazaret). Depuis 2009, il est officiellement le Centre Hospitalier Universitaire Mère Enfant Ambohimiandra, offrant des soins spécialisés en pédiatrie et en périnatalogie, ainsi que des consultations en pédopsychiatrie.\r\n\r\nL’établissement joue un rôle essentiel en tant que centre de formation et de stage pour les étudiants en médecine et les paramédicaux. En vue du futur, des projets incluent le renforcement et l’extension des activités du laboratoire, ainsi que le démarrage de l’activité de l’unité de radiologie. Perché sur une colline, cet hôpital a une histoire riche et continue de jouer un rôle vital dans la santé materno-infantile de la région."}}, {"model": "main_etablissement.contact", "pk": 2, "fields": {"public_id": "abd675f2-307e-43f4-b0c4-9a040960b1ac", "created": "2023-12-13T06:35:03.778Z", "updated": "2023-12-13T06:35:03.778Z", "etablissement": 2, "contact_accueil": "0388711173", "contact_urgence": "0388711179", "contact_ambulance": null, "contact_de": "0388711193", "contact_daf": "0388711170", "contact_dat": "0388711183"}}, {"model": "main_etablissement.contact", "pk": 3, "fields": {"public_id": "f0b3c48e-ece5-4025-870b-2aced417eaae", "created": "2023-12-13T06:37:36.546Z", "updated": "2023-12-13T06:37:36.546Z", "etablissement": 3, "contact_accueil": "0341516503", "contact_urgence": "0348001821", "contact_ambulance": null, "contact_de": "0345817054", "contact_daf": "0348911375", "contact_dat": "0384928079"}}, {"model": "main_etablissement.contact", "pk": 4, "fields": {"public_id": "afe0b80c-a4b9-4ebb-be0b-193855fe2912", "created": "2023-12-13T06:39:09.933Z", "updated": "2023-12-13T06:39:09.933Z", "etablissement": 4, "contact_accueil": "0341420052", "contact_urgence": "0341420055", "contact_ambulance": null, "contact_de": "0341420449", "contact_daf": "0341420017", "contact_dat": "0341420016"}}, {"model": "main_etablissement.contact", "pk": 5, "fields": {"public_id": "e7da6b1b-3e87-4012-9165-1c5b0ebb5e96", "created": "2023-12-13T06:41:01.930Z", "updated": "2023-12-13T06:41:01.930Z", "etablissement": 5, "contact_accueil": "0347026590", "contact_urgence": "0344840188", "contact_ambulance": null, "contact_de": "0349461370", "contact_daf": null, "contact_dat": "0342918310"}}, {"model": "main_etablissement.contact", "pk": 6, "fields": {"public_id": "85b23e8e-8134-4560-a33b-afbbdf772564", "created": "2023-12-13T06:42:37.861Z", "updated": "2023-12-13T06:42:37.861Z", "etablissement": 6, "contact_accueil": "0343590403", "contact_urgence": "0343031030", "contact_ambulance": null, "contact_de": "0326774218", "contact_daf": "0340203409", "contact_dat": "0340634795"}}, {"model": "main_etablissement.contact", "pk": 7, "fields": {"public_id": "09d51900-8615-40ba-b7d4-8b5af7b8be92", "created": "2023-12-13T06:46:19.207Z", "updated": "2023-12-13T06:46:19.207Z", "etablissement": 7, "contact_accueil": "0386730409", "contact_urgence": "0326293164", "contact_ambulance": null, "contact_de": "0343290131", "contact_daf": "0343825483", "contact_dat": null}}, {"model": "main_etablissement.contact", "pk": 8, "fields": {"public_id": "0354538d-7da6-49a9-bc60-b7a64766820e", "created": "2023-12-13T06:47:31.356Z", "updated": "2023-12-13T06:47:31.356Z", "etablissement": 8, "contact_accueil": null, "contact_urgence": "0341420061", "contact_ambulance": null, "contact_de": "0341420018", "contact_daf": "0341420020", "contact_dat": "0341420019"}}, {"model": "main_etablissement.contact", "pk": 9, "fields": {"public_id": "26356df0-67e1-4abd-b760-6cdf7dc3b043", "created": "2023-12-13T06:48:43.008Z", "updated": "2023-12-13T06:48:43.008Z", "etablissement": 9, "contact_accueil": "0327128149", "contact_urgence": null, "contact_ambulance": null, "contact_de": "0324059483", "contact_daf": "0348273895", "contact_dat": "0320437234"}}, {"model": "main_etablissement.contact", "pk": 10, "fields": {"public_id": "29fd94e0-1d39-4e8e-a66e-79e37a13c3c7", "created": "2023-12-13T06:50:04.310Z", "updated": "2023-12-13T06:50:04.310Z", "etablissement": 10, "contact_accueil": "0341420309", "contact_urgence": null, "contact_ambulance": null, "contact_de": "0341420039", "contact_daf": "0380896533", "contact_dat": "0341420294"}}, {"model": "main_etablissement.contact", "pk": 11, "fields": {"public_id": "e1b50df3-c835-4cf2-9bf6-87d2ef0065b0", "created": "2023-12-13T06:51:23.391Z", "updated": "2023-12-13T06:51:23.391Z", "etablissement": 11, "contact_accueil": null, "contact_urgence": "0344980137", "contact_ambulance": null, "contact_de": null, "contact_daf": "0344980128", "contact_dat": "0344901652"}}, {"model": "main_etablissement.contact", "pk": 12, "fields": {"public_id": "41f6a3bb-5d0c-4f93-ad42-6815f141e585", "created": "2023-12-13T06:52:40.271Z", "updated": "2023-12-13T06:52:40.271Z", "etablissement": 12, "contact_accueil": null, "contact_urgence": null, "contact_ambulance": null, "contact_de": "0341440025", "contact_daf": "0341440027", "contact_dat": "0341440026"}}, {"model": "main_etablissement.contact", "pk": 13, "fields": {"public_id": "5bc217a1-e94b-4364-9264-48950ad85abb", "created": "2023-12-13T06:54:18.626Z", "updated": "2023-12-13T06:54:18.626Z", "etablissement": 13, "contact_accueil": "0341420554", "contact_urgence": null, "contact_ambulance": null, "contact_de": "0341420318", "contact_daf": "0341420324", "contact_dat": "0341420323"}}, {"model": "main_etablissement.contact", "pk": 14, "fields": {"public_id": "8f8be5a9-7662-4adc-bef3-aacb2f9c87c7", "created": "2023-12-13T07:00:49.743Z", "updated": "2023-12-13T07:00:49.743Z", "etablissement": 14, "contact_accueil": null, "contact_urgence": "0341420098", "contact_ambulance": null, "contact_de": null, "contact_daf": "0341420027", "contact_dat": null}}, {"model": "main_etablissement.contact", "pk": 15, "fields": {"public_id": "00e99d3b-d12c-44e5-8e21-e0d9716e764d", "created": "2023-12-13T07:01:35.093Z", "updated": "2023-12-13T07:01:35.093Z", "etablissement": 15, "contact_accueil": null, "contact_urgence": "0341420117", "contact_ambulance": null, "contact_de": null, "contact_daf": null, "contact_dat": "0341420416"}}, {"model": "main_etablissement.contact", "pk": 16, "fields": {"public_id": "ee0049d2-4450-4c7e-82c9-db7b46d8c7ab", "created": "2023-12-13T07:02:30.277Z", "updated": "2023-12-13T07:02:30.277Z", "etablissement": 16, "contact_accueil": "0341420085", "contact_urgence": null, "contact_ambulance": null, "contact_de": "0341420021", "contact_daf": "0341420023", "contact_dat": "0341420022"}}, {"model": "main_etablissement.contact", "pk": 17, "fields": {"public_id": "ba825ed2-b32e-43bf-b577-5d99646bb38d", "created": "2023-12-13T07:04:37.083Z", "updated": "2023-12-13T07:04:37.083Z", "etablissement": 17, "contact_accueil": null, "contact_urgence": "0343140612", "contact_ambulance": null, "contact_de": "0340762182", "contact_daf": "0344364348", "contact_dat": "0342821641"}}, {"model": "main_etablissement.contact", "pk": 18, "fields": {"public_id": "b37968e2-7fb4-4f1f-aa51-1082971ea52d", "created": "2023-12-13T07:05:43.199Z", "updated": "2023-12-13T07:05:43.199Z", "etablissement": 18, "contact_accueil": null, "contact_urgence": "0320308812", "contact_ambulance": null, "contact_de": "0320308820", "contact_daf": null, "contact_dat": null}}, {"model": "main_etablissement.contact", "pk": 19, "fields": {"public_id": "9ce1b968-0594-4b8a-9edc-7abafcb0e2f3", "created": "2023-12-13T07:07:07.989Z", "updated": "2023-12-13T07:07:07.989Z", "etablissement": 19, "contact_accueil": null, "contact_urgence": "0341420437", "contact_ambulance": null, "contact_de": null, "contact_daf": null, "contact_dat": "0341420437"}}, {"model": "main_etablissement.contact", "pk": 20, "fields": {"public_id": "cfd148d3-8a9a-4c6f-9812-59c706ccec3e", "created": "2023-12-13T07:09:32.608Z", "updated": "2023-12-13T07:09:32.608Z", "etablissement": 20, "contact_accueil": null, "contact_urgence": "0324474369", "contact_ambulance": null, "contact_de": "0345574022", "contact_daf": "0346144465", "contact_dat": "0340178384"}}, {"model": "main_etablissement.contact", "pk": 21, "fields": {"public_id": "7e54a523-b5b6-4e84-8fc5-26be1dcebb89", "created": "2023-12-13T07:10:38.845Z", "updated": "2023-12-13T07:10:38.845Z", "etablissement": 21, "contact_accueil": "0341420188", "contact_urgence": "0340457460", "contact_ambulance": null, "contact_de": "0341420035", "contact_daf": "0341420014", "contact_dat": null}}, {"model": "main_etablissement.contact", "pk": 22, "fields": {"public_id": "b0909fe6-c73f-4067-9fa5-7005f3b83688", "created": "2023-12-13T07:26:12.597Z", "updated": "2023-12-13T07:26:12.597Z", "etablissement": 22, "contact_accueil": "0341420497", "contact_urgence": "0341420177", "contact_ambulance": null, "contact_de": null, "contact_daf": null, "contact_dat": null}}, {"model": "main_etablissement.contact", "pk": 23, "fields": {"public_id": "81efa596-d15d-4c10-9547-94aca4b29660", "created": "2023-12-14T07:04:04.298Z", "updated": "2023-12-14T07:04:04.298Z", "etablissement": 23, "contact_accueil": null, "contact_urgence": null, "contact_ambulance": null, "contact_de": "0342924044", "contact_daf": "0342090092", "contact_dat": "0346483582"}}, {"model": "main_etablissement.service", "pk": 3, "fields": {"public_id": "2e7fb879-30eb-4d40-ad74-a1d135c54fcf", "created": "2023-12-13T10:35:38.846Z", "updated": "2023-12-13T10:35:38.846Z", "etablissement": 23, "name": "Cardio-vasculaire"}}, {"model": "main_etablissement.service", "pk": 4, "fields": {"public_id": "7a1df422-857e-472a-b629-74fc8f184f88", "created": "2023-12-13T10:35:49.163Z", "updated": "2023-12-13T10:35:49.163Z", "etablissement": 23, "name": "Neuropsychiatrie"}}, {"model": "main_etablissement.service", "pk": 5, "fields": {"public_id": "da1db3e2-aeda-4226-8367-0955deb3ea71", "created": "2023-12-13T10:36:07.236Z", "updated": "2023-12-13T10:36:07.236Z", "etablissement": 23, "name": "Cancérologie"}}, {"model": "main_etablissement.service", "pk": 6, "fields": {"public_id": "bef0ff48-4f61-4166-ac1e-5292f8d32221", "created": "2023-12-13T10:36:19.119Z", "updated": "2023-12-13T10:36:19.120Z", "etablissement": 23, "name": "Médecine Polyvalente"}}, {"model": "main_etablissement.service", "pk": 7, "fields": {"public_id": "263ec8d1-20af-48c5-ab55-f5b06167cc24", "created": "2023-12-13T10:37:30.668Z", "updated": "2023-12-13T10:37:30.668Z", "etablissement": 23, "name": "Pneumo-Phtisiologie"}}, {"model": "main_etablissement.service", "pk": 8, "fields": {"public_id": "f137b94a-1173-4152-992b-4964090d5d7d", "created": "2023-12-13T10:38:02.327Z", "updated": "2023-12-13T10:38:02.327Z", "etablissement": 23, "name": "Chirurgie générale"}}, {"model": "main_etablissement.service", "pk": 9, "fields": {"public_id": "f46b7fd5-6d75-4a07-a8de-6155cedd3ac3", "created": "2023-12-13T10:38:21.959Z", "updated": "2023-12-13T10:38:21.959Z", "etablissement": 23, "name": "Traumatologie"}}, {"model": "main_etablissement.service", "pk": 10, "fields": {"public_id": "f1dab3bc-172d-458e-9348-92eb2513fd49", "created": "2023-12-13T10:38:43.604Z", "updated": "2023-12-13T10:38:43.604Z", "etablissement": 23, "name": "Bloc Opératoire"}}, {"model": "main_etablissement.service", "pk": 11, "fields": {"public_id": "3c7c9196-cbed-4e65-b0f0-1fc23ea75cbe", "created": "2023-12-13T10:39:08.809Z", "updated": "2023-12-13T10:39:08.809Z", "etablissement": 23, "name": "Stomatologie – Maxillo facial"}}, {"model": "main_etablissement.service", "pk": 12, "fields": {"public_id": "08ce18b2-ce4f-4bbd-868f-c1784543847a", "created": "2023-12-13T10:39:39.415Z", "updated": "2023-12-13T10:39:39.415Z", "etablissement": 23, "name": "Ophtalmologie"}}, {"model": "main_etablissement.service", "pk": 13, "fields": {"public_id": "f8dc8d6b-bd0e-4811-bc99-123a405e286b", "created": "2023-12-13T10:39:49.973Z", "updated": "2023-12-13T10:39:49.973Z", "etablissement": 23, "name": "ORL"}}, {"model": "main_etablissement.service", "pk": 14, "fields": {"public_id": "e95e3b2c-3ee4-46ec-8749-25d072839df8", "created": "2023-12-13T10:41:20.405Z", "updated": "2023-12-13T10:41:20.405Z", "etablissement": 23, "name": "Gynécologie-Obstétricale"}}, {"model": "main_etablissement.service", "pk": 15, "fields": {"public_id": "2d44b150-519e-4afc-a764-3358815c9525", "created": "2023-12-13T10:41:37.965Z", "updated": "2023-12-13T10:41:37.965Z", "etablissement": 23, "name": "Pédiatrie"}}, {"model": "main_etablissement.service", "pk": 16, "fields": {"public_id": "49b3119a-0c1d-4226-bb88-4e635dbe50e8", "created": "2023-12-13T10:41:51.318Z", "updated": "2023-12-13T10:41:51.318Z", "etablissement": 23, "name": "ATU"}}, {"model": "main_etablissement.service", "pk": 17, "fields": {"public_id": "08737995-0715-4c78-8d52-6f1428289018", "created": "2023-12-13T10:42:04.299Z", "updated": "2023-12-13T10:42:04.299Z", "etablissement": 23, "name": "Réanimation"}}, {"model": "main_etablissement.service", "pk": 18, "fields": {"public_id": "65c5a117-1ceb-41b1-a97a-e2716bbaa7b7", "created": "2023-12-13T10:56:13.048Z", "updated": "2023-12-13T10:56:13.048Z", "etablissement": 4, "name": "Laboratoire"}}, {"model": "main_etablissement.service", "pk": 19, "fields": {"public_id": "b78cd9e0-670a-40a6-9d1f-e863b55d3360", "created": "2023-12-13T10:56:22.095Z", "updated": "2023-12-13T10:56:22.095Z", "etablissement": 4, "name": "Imagerie"}}, {"model": "main_etablissement.service", "pk": 20, "fields": {"public_id": "f032ccaa-ac53-4986-a84b-2d8aa7baeb8f", "created": "2023-12-13T10:58:35.798Z", "updated": "2023-12-13T10:58:35.798Z", "etablissement": 4, "name": "Pneumo-Phtisiologie"}}, {"model": "main_etablissement.service", "pk": 21, "fields": {"public_id": "7b07bdd6-55c1-483d-98ee-3878faeeb100", "created": "2023-12-13T11:00:23.472Z", "updated": "2023-12-13T11:00:23.472Z", "etablissement": 4, "name": "Cardiologie"}}, {"model": "main_etablissement.service", "pk": 22, "fields": {"public_id": "2d700895-ab37-4963-a07c-a792c6cc098d", "created": "2023-12-13T11:03:20.176Z", "updated": "2023-12-13T11:03:20.176Z", "etablissement": 9, "name": "ATU"}}, {"model": "main_etablissement.service", "pk": 23, "fields": {"public_id": "45d5b7b0-f9bb-4571-9a25-ea59fa3220c1", "created": "2023-12-13T11:03:50.089Z", "updated": "2023-12-13T11:03:50.089Z", "etablissement": 9, "name": "Chirurgie"}}, {"model": "main_etablissement.service", "pk": 24, "fields": {"public_id": "f1e9c9c2-470e-4b30-a5c8-1712fb0c783b", "created": "2023-12-13T11:04:00.317Z", "updated": "2023-12-13T11:04:00.317Z", "etablissement": 9, "name": "Bloc Opératoire"}}, {"model": "main_etablissement.service", "pk": 25, "fields": {"public_id": "d6796475-ae83-4c48-a7c4-3f37bca74ea8", "created": "2023-12-13T11:04:16.053Z", "updated": "2023-12-13T11:04:16.053Z", "etablissement": 9, "name": "Neurochirurgie"}}, {"model": "main_etablissement.service", "pk": 26, "fields": {"public_id": "75147e55-1d73-4107-9fae-0be55ac86cc6", "created": "2023-12-13T11:04:28.762Z", "updated": "2023-12-13T11:04:28.762Z", "etablissement": 9, "name": "Traumatologie"}}, {"model": "main_etablissement.service", "pk": 27, "fields": {"public_id": "aeb02d01-7141-4906-a1f7-737e8d15155f", "created": "2023-12-13T11:04:40.002Z", "updated": "2023-12-13T11:04:40.002Z", "etablissement": 9, "name": "Oncologie"}}, {"model": "main_etablissement.service", "pk": 28, "fields": {"public_id": "fcb14671-f321-4f8e-9927-1654ebe8ee4f", "created": "2023-12-13T11:05:18.650Z", "updated": "2023-12-13T11:05:18.650Z", "etablissement": 9, "name": "Laboratoire"}}, {"model": "main_etablissement.service", "pk": 29, "fields": {"public_id": "3d335b20-e88e-499c-9abd-2f8bc52f7054", "created": "2023-12-13T11:05:29.846Z", "updated": "2023-12-13T11:05:29.846Z", "etablissement": 9, "name": "Imagerie"}}, {"model": "main_etablissement.service", "pk": 30, "fields": {"public_id": "165674bd-9840-43b4-8e0f-9bbcd91b22c7", "created": "2023-12-13T11:07:03.311Z", "updated": "2023-12-13T11:07:03.311Z", "etablissement": 11, "name": "ATU"}}, {"model": "main_etablissement.service", "pk": 31, "fields": {"public_id": "102048a0-2ede-4758-a0ef-7296c8f44599", "created": "2023-12-13T11:07:11.830Z", "updated": "2023-12-13T11:07:11.830Z", "etablissement": 11, "name": "Réanimation"}}, {"model": "main_etablissement.service", "pk": 32, "fields": {"public_id": "405291b5-ab8d-4884-af01-c9d4f9b788bd", "created": "2023-12-13T11:07:22.775Z", "updated": "2023-12-13T11:07:22.775Z", "etablissement": 11, "name": "Médecine"}}, {"model": "main_etablissement.service", "pk": 33, "fields": {"public_id": "deed6f29-5eca-4088-9f67-84358b105640", "created": "2023-12-13T11:07:37.846Z", "updated": "2023-12-13T11:07:37.846Z", "etablissement": 11, "name": "Pédiatrie"}}, {"model": "main_etablissement.service", "pk": 34, "fields": {"public_id": "71fd9ed8-fe1a-4370-aa1a-90ae58f699c6", "created": "2023-12-13T11:07:47.942Z", "updated": "2023-12-13T11:07:47.942Z", "etablissement": 11, "name": "Bloc Opératoire"}}, {"model": "main_etablissement.service", "pk": 35, "fields": {"public_id": "6eb61ba3-2ee2-4287-8876-549bd3e0f81e", "created": "2023-12-14T05:19:35.837Z", "updated": "2023-12-14T05:19:35.837Z", "etablissement": 14, "name": "ATU"}}, {"model": "main_etablissement.service", "pk": 36, "fields": {"public_id": "458f3257-0248-4b03-ab01-cbab73ec6c35", "created": "2023-12-14T05:20:51.650Z", "updated": "2023-12-14T05:20:51.650Z", "etablissement": 14, "name": "Réanimation pédiatrique"}}, {"model": "main_etablissement.service", "pk": 37, "fields": {"public_id": "c3533983-0aa2-44ec-a2cf-5f5210070455", "created": "2023-12-14T05:21:09.385Z", "updated": "2023-12-14T05:21:09.385Z", "etablissement": 14, "name": "Réanimation néonatale"}}, {"model": "main_etablissement.service", "pk": 38, "fields": {"public_id": "cab7e37f-fcd3-4004-8164-3a57ac16d3ab", "created": "2023-12-14T05:21:23.643Z", "updated": "2023-12-14T05:21:23.643Z", "etablissement": 14, "name": "Néonatalogie"}}, {"model": "main_etablissement.service", "pk": 39, "fields": {"public_id": "a3f7061f-2688-4acf-a110-7b9526c2fb35", "created": "2023-12-14T05:21:35.832Z", "updated": "2023-12-14T05:21:35.832Z", "etablissement": 14, "name": "Pneumologie"}}, {"model": "main_etablissement.service", "pk": 40, "fields": {"public_id": "da9e3038-6376-41b8-b2da-43ebfda68cb4", "created": "2023-12-14T05:21:56.460Z", "updated": "2023-12-14T05:21:56.460Z", "etablissement": 14, "name": "Phtisiologie"}}, {"model": "main_etablissement.service", "pk": 41, "fields": {"public_id": "b179876a-ae63-4317-a605-9424f783910a", "created": "2023-12-14T05:22:17.128Z", "updated": "2023-12-14T05:22:17.128Z", "etablissement": 14, "name": "Pédiatrie"}}, {"model": "main_etablissement.service", "pk": 42, "fields": {"public_id": "6554b675-d644-41c0-8837-84ec9fb8a376", "created": "2023-12-14T05:22:30.264Z", "updated": "2023-12-14T05:22:30.264Z", "etablissement": 14, "name": "Neurologie"}}, {"model": "main_etablissement.service", "pk": 43, "fields": {"public_id": "e28d9e20-ecec-473c-9241-d04e80fc3c50", "created": "2023-12-14T05:22:46.481Z", "updated": "2023-12-14T05:22:46.481Z", "etablissement": 14, "name": "Gastro-entérologie"}}, {"model": "main_etablissement.service", "pk": 44, "fields": {"public_id": "dce6f1c9-d15b-4f88-9ebf-d0f166b4107a", "created": "2023-12-14T05:22:56.842Z", "updated": "2023-12-14T05:22:56.842Z", "etablissement": 14, "name": "CRENI"}}, {"model": "main_etablissement.service", "pk": 45, "fields": {"public_id": "11a60456-9954-48b9-bd13-b36a56594655", "created": "2023-12-14T05:23:15.458Z", "updated": "2023-12-14T05:23:15.458Z", "etablissement": 14, "name": "Laboratoire polyvalent"}}, {"model": "main_etablissement.service", "pk": 46, "fields": {"public_id": "e8fdcab7-585a-419d-9d6d-b38d23e574c9", "created": "2023-12-14T05:23:35.823Z", "updated": "2023-12-14T05:23:35.823Z", "etablissement": 14, "name": "Laboratoire de microbiologie"}}, {"model": "main_etablissement.service", "pk": 47, "fields": {"public_id": "6f7b5066-55c8-4338-b57b-6d6507803689", "created": "2023-12-14T05:23:59.825Z", "updated": "2023-12-14T05:23:59.825Z", "etablissement": 14, "name": "Imagerie et Exploration"}}, {"model": "main_etablissement.service", "pk": 48, "fields": {"public_id": "3d9cd3ff-bd2a-4513-88cc-14fba71cfe47", "created": "2023-12-14T05:43:10.554Z", "updated": "2023-12-14T05:43:10.554Z", "etablissement": 5, "name": "Psychiatrie"}}, {"model": "main_etablissement.service", "pk": 49, "fields": {"public_id": "bfba18df-181e-4d4a-b928-edd08cbc7ba4", "created": "2023-12-14T05:43:40.513Z", "updated": "2023-12-14T05:43:40.513Z", "etablissement": 5, "name": "Gynécologie-Obstétricale"}}, {"model": "main_etablissement.service", "pk": 50, "fields": {"public_id": "2922e032-7bf3-449c-a7a2-f20fbd3c9fb7", "created": "2023-12-14T05:44:04.676Z", "updated": "2023-12-14T05:44:04.676Z", "etablissement": 5, "name": "Maladies infectieuses"}}, {"model": "main_etablissement.service", "pk": 51, "fields": {"public_id": "0bccd4d6-8bb5-40a6-8ff2-d81fed240c86", "created": "2023-12-14T05:44:24.603Z", "updated": "2023-12-14T05:44:24.603Z", "etablissement": 5, "name": "Pneumologie"}}, {"model": "main_etablissement.service", "pk": 52, "fields": {"public_id": "72d7d2e3-ccca-43e2-9227-fe4512914627", "created": "2023-12-14T05:44:57.281Z", "updated": "2023-12-14T05:44:57.281Z", "etablissement": 5, "name": "Oncologie"}}, {"model": "main_etablissement.service", "pk": 53, "fields": {"public_id": "663be8ac-3f8b-4902-b5f8-be5a889220de", "created": "2023-12-14T05:45:16.403Z", "updated": "2023-12-14T05:45:16.403Z", "etablissement": 5, "name": "Médecine interne"}}, {"model": "main_etablissement.service", "pk": 54, "fields": {"public_id": "53887052-242c-4dda-b014-964a601dfe78", "created": "2023-12-14T05:45:29.717Z", "updated": "2023-12-14T05:45:29.717Z", "etablissement": 5, "name": "Néonatalogie"}}, {"model": "main_etablissement.service", "pk": 55, "fields": {"public_id": "e74c15a3-44e2-42fb-878c-40abcdf7d219", "created": "2023-12-14T05:45:46.894Z", "updated": "2023-12-14T05:45:46.895Z", "etablissement": 5, "name": "Maternité"}}, {"model": "main_etablissement.service", "pk": 56, "fields": {"public_id": "809e6166-107d-4f09-a413-cc9ce2b97470", "created": "2023-12-14T05:45:59.663Z", "updated": "2023-12-14T05:45:59.663Z", "etablissement": 5, "name": "Laboratoire"}}, {"model": "main_etablissement.service", "pk": 57, "fields": {"public_id": "8734947a-bfb6-448f-aa60-210f121a9bc4", "created": "2023-12-14T05:46:15.857Z", "updated": "2023-12-14T05:46:15.857Z", "etablissement": 5, "name": "Imagerie"}}, {"model": "main_etablissement.service", "pk": 58, "fields": {"public_id": "80b16303-ea79-494c-a702-973288b94f66", "created": "2023-12-14T05:46:26.742Z", "updated": "2023-12-14T05:46:26.742Z", "etablissement": 5, "name": "Cardiologie"}}, {"model": "main_etablissement.service", "pk": 59, "fields": {"public_id": "7b85de4d-3754-4c36-861a-a098b45c78b7", "created": "2023-12-14T05:46:51.214Z", "updated": "2023-12-14T05:46:51.214Z", "etablissement": 5, "name": "Pédiatrie"}}, {"model": "main_etablissement.service", "pk": 60, "fields": {"public_id": "b3ff70b7-fde9-455d-ba45-b91505bc959b", "created": "2023-12-14T05:47:05.961Z", "updated": "2023-12-14T05:47:05.961Z", "etablissement": 5, "name": "Ophtalmologie"}}, {"model": "main_etablissement.service", "pk": 61, "fields": {"public_id": "ae0c6ce0-79bd-457b-b423-8985b9edfe22", "created": "2023-12-14T05:47:14.593Z", "updated": "2023-12-14T05:47:14.593Z", "etablissement": 5, "name": "ATU"}}, {"model": "main_etablissement.service", "pk": 62, "fields": {"public_id": "1dc4f086-d0d7-48f5-81f0-7f5b2686accb", "created": "2023-12-14T05:48:10.116Z", "updated": "2023-12-14T05:48:10.116Z", "etablissement": 5, "name": "Chirurgie viscérale"}}, {"model": "main_etablissement.service", "pk": 63, "fields": {"public_id": "aa9d6ed4-dd04-42c9-ad6b-f98f90e35900", "created": "2023-12-14T05:49:43.299Z", "updated": "2023-12-14T05:49:43.299Z", "etablissement": 5, "name": "Chirurgie en traumatologie"}}, {"model": "main_etablissement.service", "pk": 64, "fields": {"public_id": "2bfa64a6-ae52-4608-aa07-2f5861d026ce", "created": "2023-12-14T05:50:01.338Z", "updated": "2023-12-14T05:50:01.338Z", "etablissement": 5, "name": "ORL"}}, {"model": "main_etablissement.service", "pk": 65, "fields": {"public_id": "b20230b2-b814-49a9-84a9-0de5df36b1c7", "created": "2023-12-14T05:50:14.451Z", "updated": "2023-12-14T05:50:14.451Z", "etablissement": 5, "name": "Neurochirurgie"}}, {"model": "main_etablissement.service", "pk": 66, "fields": {"public_id": "7040b1ac-da24-446a-94b3-99e7953fcec1", "created": "2023-12-14T05:50:26.732Z", "updated": "2023-12-14T05:50:26.732Z", "etablissement": 5, "name": "Réanimation"}}, {"model": "main_etablissement.service", "pk": 67, "fields": {"public_id": "aedfe7f6-2258-4f8f-b603-6c6249219a57", "created": "2023-12-14T05:50:39.009Z", "updated": "2023-12-14T05:50:39.009Z", "etablissement": 5, "name": "Bloc Opératoire"}}, {"model": "main_etablissement.service", "pk": 68, "fields": {"public_id": "4b58bc89-d7e8-4440-ab52-18783ef16871", "created": "2023-12-14T05:50:52.687Z", "updated": "2023-12-14T05:50:52.687Z", "etablissement": 5, "name": "CRTS"}}, {"model": "main_etablissement.service", "pk": 69, "fields": {"public_id": "1ed8169d-1b1a-4c09-bd23-100b17a42969", "created": "2023-12-14T05:51:18.070Z", "updated": "2023-12-14T05:51:18.070Z", "etablissement": 5, "name": "Médecine préventive"}}, {"model": "main_etablissement.service", "pk": 70, "fields": {"public_id": "df2dcc6e-957e-4d3a-9ce7-f18f528eab45", "created": "2023-12-14T06:00:23.312Z", "updated": "2023-12-14T06:00:23.312Z", "etablissement": 11, "name": "Chirurgie"}}, {"model": "main_etablissement.service", "pk": 71, "fields": {"public_id": "aaf5e63c-8bb1-4aa5-bc02-48298a4b04a9", "created": "2023-12-14T06:00:47.071Z", "updated": "2023-12-14T06:00:47.071Z", "etablissement": 11, "name": "Consultation Externe"}}, {"model": "main_etablissement.service", "pk": 72, "fields": {"public_id": "6e01cb50-a375-489b-a34f-41d8c40a0be8", "created": "2023-12-14T06:03:45.825Z", "updated": "2023-12-14T06:03:45.825Z", "etablissement": 17, "name": "Chirurgie maxillo-faciale"}}, {"model": "main_etablissement.service", "pk": 73, "fields": {"public_id": "42be5e75-062f-4b47-b7e5-73516e44fc70", "created": "2023-12-14T06:03:59.510Z", "updated": "2023-12-14T06:03:59.510Z", "etablissement": 17, "name": "Chirurgie pédiatrique"}}, {"model": "main_etablissement.service", "pk": 74, "fields": {"public_id": "ccf3bf71-719d-4b69-8b34-ef303ce4cdfd", "created": "2023-12-14T06:04:12.935Z", "updated": "2023-12-14T06:04:12.935Z", "etablissement": 17, "name": "Oncologie pédiatrique"}}, {"model": "main_etablissement.service", "pk": 75, "fields": {"public_id": "1bc49bd5-634d-4eef-b889-90cf41e05caf", "created": "2023-12-14T06:04:44.963Z", "updated": "2023-12-14T06:04:44.963Z", "etablissement": 17, "name": "Anesthésie-Réanimation"}}, {"model": "main_etablissement.service", "pk": 76, "fields": {"public_id": "f80ea0a2-cb70-468e-8609-276800720881", "created": "2023-12-14T06:05:16.695Z", "updated": "2023-12-14T06:05:16.695Z", "etablissement": 17, "name": "Rééducation fonctionnelle"}}, {"model": "main_etablissement.service", "pk": 77, "fields": {"public_id": "6d1bc70a-0bbb-40b5-a93e-e41a2808d041", "created": "2023-12-14T06:05:39.255Z", "updated": "2023-12-14T06:05:39.255Z", "etablissement": 17, "name": "Stomatologie – Maxillo facial"}}, {"model": "main_etablissement.service", "pk": 78, "fields": {"public_id": "bcbc4e97-b2fb-482a-8582-b5d684a6579e", "created": "2023-12-14T06:08:02.676Z", "updated": "2023-12-14T06:08:02.676Z", "etablissement": 21, "name": "ATU"}}, {"model": "main_etablissement.service", "pk": 79, "fields": {"public_id": "0e2e8011-838d-416f-aca6-922bbe2bcd85", "created": "2023-12-14T06:08:53.099Z", "updated": "2023-12-14T06:08:53.099Z", "etablissement": 21, "name": "Psychiatrie"}}, {"model": "main_etablissement.service", "pk": 80, "fields": {"public_id": "84bc6bc3-f49d-4eb1-8056-c44472ee290f", "created": "2023-12-14T06:12:15.656Z", "updated": "2023-12-14T06:12:15.656Z", "etablissement": 6, "name": "ATU"}}, {"model": "main_etablissement.service", "pk": 81, "fields": {"public_id": "078e27dc-8b35-4503-b2be-c77b52d071cb", "created": "2023-12-14T06:12:28.199Z", "updated": "2023-12-14T06:12:28.199Z", "etablissement": 6, "name": "Médecine interne"}}, {"model": "main_etablissement.service", "pk": 82, "fields": {"public_id": "8e0bcc05-5fe9-4095-8835-23d13bb6a27f", "created": "2023-12-14T06:12:38.700Z", "updated": "2023-12-14T06:12:38.700Z", "etablissement": 6, "name": "Cardiologie"}}, {"model": "main_etablissement.service", "pk": 83, "fields": {"public_id": "7739abda-1df6-4bd0-8838-5da37405523c", "created": "2023-12-14T06:12:56.363Z", "updated": "2023-12-14T06:12:56.363Z", "etablissement": 6, "name": "Hépato-gastro-entérologie"}}, {"model": "main_etablissement.service", "pk": 84, "fields": {"public_id": "21ba5b15-17c4-40be-ae18-b24b36c39287", "created": "2023-12-14T06:13:07.177Z", "updated": "2023-12-14T06:13:23.890Z", "etablissement": 6, "name": "Dermatologie"}}, {"model": "main_etablissement.service", "pk": 85, "fields": {"public_id": "9eec3f30-bbbd-451f-afb9-83363a7fb4e9", "created": "2023-12-14T06:13:41.981Z", "updated": "2023-12-14T06:13:41.981Z", "etablissement": 6, "name": "Maternité"}}, {"model": "main_etablissement.service", "pk": 86, "fields": {"public_id": "d8cb8075-11b2-49f5-8083-c238c5fea55b", "created": "2023-12-14T06:13:53.827Z", "updated": "2023-12-14T06:13:53.827Z", "etablissement": 6, "name": "Stomatologie"}}, {"model": "main_etablissement.service", "pk": 87, "fields": {"public_id": "b1d1c367-99ab-431e-8b9e-94aa3ee2eaa7", "created": "2023-12-14T06:14:22.490Z", "updated": "2023-12-14T06:14:22.490Z", "etablissement": 6, "name": "Laboratoire"}}, {"model": "main_etablissement.service", "pk": 88, "fields": {"public_id": "363fd5cc-6b84-457d-ad0e-1c39f1ae852b", "created": "2023-12-14T06:14:35.058Z", "updated": "2023-12-14T06:14:35.058Z", "etablissement": 6, "name": "Imagerie"}}, {"model": "main_etablissement.service", "pk": 89, "fields": {"public_id": "f3cf114d-2a39-489a-b901-8bb7c43a5831", "created": "2023-12-14T06:15:07.131Z", "updated": "2023-12-14T06:15:07.131Z", "etablissement": 18, "name": "ATU"}}, {"model": "main_etablissement.service", "pk": 90, "fields": {"public_id": "ac8c2444-1847-43c5-9dba-f03163a0ce20", "created": "2023-12-14T06:15:23.387Z", "updated": "2023-12-14T06:15:23.387Z", "etablissement": 18, "name": "Réanimation médicale"}}, {"model": "main_etablissement.service", "pk": 91, "fields": {"public_id": "1148bfb5-5c7e-4717-ab31-57866d51bee5", "created": "2023-12-14T06:15:39.833Z", "updated": "2023-12-14T06:15:39.833Z", "etablissement": 18, "name": "Médecine interne"}}, {"model": "main_etablissement.service", "pk": 92, "fields": {"public_id": "62f3587a-b35d-4b65-a1b9-d65d80072029", "created": "2023-12-14T06:15:51.687Z", "updated": "2023-12-14T06:15:51.687Z", "etablissement": 18, "name": "Maladies infectieuses"}}, {"model": "main_etablissement.service", "pk": 93, "fields": {"public_id": "a1098a1d-1369-4ef2-8dcc-fccdfc8f0a80", "created": "2023-12-14T06:16:10.250Z", "updated": "2023-12-14T06:16:10.250Z", "etablissement": 18, "name": "Neurologie"}}, {"model": "main_etablissement.service", "pk": 94, "fields": {"public_id": "c86fcada-5d85-4584-acfb-6d4f3db1dd1e", "created": "2023-12-14T06:16:18.306Z", "updated": "2023-12-14T06:16:18.306Z", "etablissement": 18, "name": "Cardiologie"}}, {"model": "main_etablissement.service", "pk": 95, "fields": {"public_id": "c3e0189f-91b2-4bfe-b491-0cd102a88602", "created": "2023-12-14T06:16:37.728Z", "updated": "2023-12-14T06:16:37.728Z", "etablissement": 18, "name": "Psychiatrie"}}, {"model": "main_etablissement.service", "pk": 96, "fields": {"public_id": "0ad4a70d-1cac-49d1-97b5-6816091c51ea", "created": "2023-12-14T06:16:47.448Z", "updated": "2023-12-14T06:16:47.448Z", "etablissement": 18, "name": "ORL"}}, {"model": "main_etablissement.service", "pk": 97, "fields": {"public_id": "1425ede8-07a4-461a-9eb8-ebffa0d04167", "created": "2023-12-14T06:16:56.260Z", "updated": "2023-12-14T06:16:56.260Z", "etablissement": 18, "name": "Ophtalmologie"}}, {"model": "main_etablissement.service", "pk": 98, "fields": {"public_id": "2da541bb-8d31-463b-9f0c-e1e908e7901c", "created": "2023-12-14T06:17:19.061Z", "updated": "2023-12-14T06:17:19.061Z", "etablissement": 18, "name": "Appareillage et rééducation"}}, {"model": "main_etablissement.service", "pk": 99, "fields": {"public_id": "c0a7a679-77e1-4eb9-bf75-6d2f426b9d0f", "created": "2023-12-14T06:17:35.040Z", "updated": "2023-12-14T06:17:35.040Z", "etablissement": 18, "name": "Imagerie médicale"}}, {"model": "main_etablissement.service", "pk": 100, "fields": {"public_id": "f552eb8e-2687-427f-97fd-2f2c78e4d7ca", "created": "2023-12-14T06:18:09.656Z", "updated": "2023-12-14T06:18:09.656Z", "etablissement": 18, "name": "Laboratoire"}}, {"model": "main_etablissement.service", "pk": 101, "fields": {"public_id": "390e66db-5e3c-4b32-bd50-e78f2cc337ee", "created": "2023-12-14T06:18:20.199Z", "updated": "2023-12-14T06:18:20.199Z", "etablissement": 18, "name": "CRTS"}}, {"model": "main_etablissement.service", "pk": 102, "fields": {"public_id": "e472d5ca-6b67-4c32-9716-d305861f57c0", "created": "2023-12-14T06:19:02.433Z", "updated": "2023-12-14T06:19:02.433Z", "etablissement": 18, "name": "CRPC"}}, {"model": "main_etablissement.service", "pk": 103, "fields": {"public_id": "4d967287-5776-4c7c-be0c-1794bf3dabc7", "created": "2023-12-14T06:19:28.438Z", "updated": "2023-12-14T06:19:28.438Z", "etablissement": 18, "name": "Bloc Opératoire"}}, {"model": "main_etablissement.service", "pk": 104, "fields": {"public_id": "292227cf-ffce-4394-831c-cb08be7a22a2", "created": "2023-12-14T06:19:43.673Z", "updated": "2023-12-14T06:19:43.673Z", "etablissement": 18, "name": "Gynécologie-Obstétricale"}}, {"model": "main_etablissement.service", "pk": 105, "fields": {"public_id": "6e40ef34-a9a5-4def-9c8e-f68eeeb1e90c", "created": "2023-12-14T06:19:54.443Z", "updated": "2023-12-14T06:19:54.443Z", "etablissement": 18, "name": "Pédiatrie"}}, {"model": "main_etablissement.service", "pk": 106, "fields": {"public_id": "03d7bd0b-09b0-4f6e-8268-3086b04b253d", "created": "2023-12-14T06:25:25.128Z", "updated": "2023-12-14T06:25:25.128Z", "etablissement": 7, "name": "ATU"}}, {"model": "main_etablissement.service", "pk": 107, "fields": {"public_id": "6dd89915-006e-4e1a-b966-687e52085a84", "created": "2023-12-14T06:25:38.230Z", "updated": "2023-12-14T06:25:38.230Z", "etablissement": 7, "name": "Maternité"}}, {"model": "main_etablissement.service", "pk": 108, "fields": {"public_id": "421316c5-5bf1-406c-8a9a-8c8b9dc03544", "created": "2023-12-14T06:25:48.342Z", "updated": "2023-12-14T06:25:48.342Z", "etablissement": 7, "name": "Pédiatrie"}}, {"model": "main_etablissement.service", "pk": 109, "fields": {"public_id": "db403940-e8ec-4bdb-905f-9e9f2136e323", "created": "2023-12-14T06:25:58.596Z", "updated": "2023-12-14T06:25:58.596Z", "etablissement": 7, "name": "Médecine interne"}}, {"model": "main_etablissement.service", "pk": 110, "fields": {"public_id": "9cd8a33b-9778-4ef4-878a-a4ae005fdf4a", "created": "2023-12-14T06:26:16.380Z", "updated": "2023-12-14T06:26:16.380Z", "etablissement": 7, "name": "Chirurgie"}}, {"model": "main_etablissement.service", "pk": 111, "fields": {"public_id": "47e53ec6-7bf7-4556-9c4c-9b08da5a3d8d", "created": "2023-12-14T06:26:28.078Z", "updated": "2023-12-14T06:26:28.078Z", "etablissement": 7, "name": "Réanimation"}}, {"model": "main_etablissement.service", "pk": 112, "fields": {"public_id": "9b1c0d8c-e582-42cf-9ae6-5d1fe2d38b4d", "created": "2023-12-14T06:26:51.130Z", "updated": "2023-12-14T06:26:51.130Z", "etablissement": 7, "name": "Imagerie"}}, {"model": "main_etablissement.service", "pk": 113, "fields": {"public_id": "65035826-00af-4f68-a47a-ef330a97762e", "created": "2023-12-14T06:27:03.482Z", "updated": "2023-12-14T06:27:03.482Z", "etablissement": 7, "name": "Laboratoire"}}, {"model": "main_etablissement.service", "pk": 114, "fields": {"public_id": "99b195e9-7675-496c-b447-b3d5112d1e28", "created": "2023-12-14T06:27:30.624Z", "updated": "2023-12-14T06:27:30.624Z", "etablissement": 7, "name": "Bloc Opératoire"}}, {"model": "main_etablissement.service", "pk": 115, "fields": {"public_id": "472e1050-d876-4a6a-aca4-d6c2a0df7ee0", "created": "2023-12-14T06:27:41.299Z", "updated": "2023-12-14T06:27:41.299Z", "etablissement": 7, "name": "Pharmacie"}}, {"model": "main_etablissement.service", "pk": 116, "fields": {"public_id": "55648630-f7a4-4d30-9932-c01edfacd19d", "created": "2023-12-14T06:27:51.746Z", "updated": "2023-12-14T06:27:51.746Z", "etablissement": 7, "name": "Dentisterie"}}, {"model": "main_etablissement.service", "pk": 117, "fields": {"public_id": "b1bf1373-e507-44b2-8264-f8136121d608", "created": "2023-12-14T06:29:01.613Z", "updated": "2023-12-14T06:29:01.613Z", "etablissement": 22, "name": "Rhumatologie"}}, {"model": "main_etablissement.service", "pk": 118, "fields": {"public_id": "7cb8f3b8-ac23-4c35-9344-157e11d4aacd", "created": "2023-12-14T06:29:10.388Z", "updated": "2023-12-14T06:29:10.388Z", "etablissement": 22, "name": "Dermatologie"}}, {"model": "main_etablissement.service", "pk": 119, "fields": {"public_id": "985f4347-85bb-4502-92fc-e19e0a3c52d0", "created": "2023-12-14T06:29:23.480Z", "updated": "2023-12-14T06:29:23.480Z", "etablissement": 22, "name": "Gastro-entérologie"}}, {"model": "main_etablissement.service", "pk": 120, "fields": {"public_id": "b1e7b546-2585-4eca-ada6-1667d8cacc06", "created": "2023-12-14T06:29:38.041Z", "updated": "2023-12-14T06:29:38.041Z", "etablissement": 22, "name": "Nephrologie"}}, {"model": "main_etablissement.service", "pk": 121, "fields": {"public_id": "439f6bb2-1cdb-446e-a242-0cf717e4dc65", "created": "2023-12-14T06:32:00.858Z", "updated": "2023-12-14T06:32:00.858Z", "etablissement": 22, "name": "Cardiologie"}}, {"model": "main_etablissement.service", "pk": 122, "fields": {"public_id": "2b9ea07d-d804-4aec-8d1c-486dc926cea0", "created": "2023-12-14T06:32:17.469Z", "updated": "2023-12-14T06:32:17.469Z", "etablissement": 22, "name": "Psychiatrie"}}, {"model": "main_etablissement.service", "pk": 123, "fields": {"public_id": "4d5c6664-bca4-46c6-8781-15f6b2ebe950", "created": "2023-12-14T06:32:35.255Z", "updated": "2023-12-14T06:32:35.255Z", "etablissement": 22, "name": "Maladies infectieuses"}}, {"model": "main_etablissement.service", "pk": 124, "fields": {"public_id": "238e13fa-9d2f-4a61-9366-3fddbbe5703c", "created": "2023-12-14T06:32:46.746Z", "updated": "2023-12-14T06:32:46.746Z", "etablissement": 22, "name": "Endocrinologie"}}, {"model": "main_etablissement.service", "pk": 125, "fields": {"public_id": "e05bf6a0-c003-40d7-a16f-1e4b0bdf155e", "created": "2023-12-14T06:32:59.599Z", "updated": "2023-12-14T06:32:59.599Z", "etablissement": 22, "name": "Pneumologie"}}, {"model": "main_etablissement.service", "pk": 126, "fields": {"public_id": "3ff076db-933e-4098-bb11-049700da9037", "created": "2023-12-14T06:33:14.691Z", "updated": "2023-12-14T06:33:14.691Z", "etablissement": 22, "name": "Urgences"}}, {"model": "main_etablissement.service", "pk": 127, "fields": {"public_id": "e49385ce-5a3d-4abc-a558-71e6e108db15", "created": "2023-12-14T06:33:23.121Z", "updated": "2023-12-14T06:33:23.121Z", "etablissement": 22, "name": "Réanimation"}}, {"model": "main_etablissement.service", "pk": 128, "fields": {"public_id": "6e02d35a-7bd3-4c4b-8964-dff9ec482623", "created": "2023-12-14T06:33:31.281Z", "updated": "2023-12-14T06:33:31.281Z", "etablissement": 22, "name": "Pédiatrie"}}, {"model": "main_etablissement.service", "pk": 129, "fields": {"public_id": "bf678b0d-8c32-4931-82ba-c3135755c40a", "created": "2023-12-14T06:34:59.123Z", "updated": "2023-12-14T06:34:59.123Z", "etablissement": 2, "name": "Cardiologie"}}, {"model": "main_etablissement.service", "pk": 130, "fields": {"public_id": "02ebec29-c71d-4960-9dcb-959256dec974", "created": "2023-12-14T06:35:40.964Z", "updated": "2023-12-14T06:35:40.965Z", "etablissement": 2, "name": "Pneumologie"}}, {"model": "main_etablissement.service", "pk": 131, "fields": {"public_id": "2901136e-a255-472c-b79b-7ade0d1bcdb9", "created": "2023-12-14T06:36:06.595Z", "updated": "2023-12-14T06:36:06.595Z", "etablissement": 2, "name": "Dermatologie"}}, {"model": "main_etablissement.service", "pk": 132, "fields": {"public_id": "440dacb8-08b2-49c1-895b-0d0d5d53cc91", "created": "2023-12-14T06:36:19.263Z", "updated": "2023-12-14T06:36:19.263Z", "etablissement": 2, "name": "Rhumatologie"}}, {"model": "main_etablissement.service", "pk": 133, "fields": {"public_id": "1543737a-9d9f-4315-aa61-06d3a23bf690", "created": "2023-12-14T06:36:27.010Z", "updated": "2023-12-14T06:36:27.010Z", "etablissement": 2, "name": "Neurologie"}}, {"model": "main_etablissement.service", "pk": 134, "fields": {"public_id": "31f5186e-cb21-4ca0-8886-37778c63149a", "created": "2023-12-14T06:36:41.194Z", "updated": "2023-12-14T06:36:41.194Z", "etablissement": 2, "name": "Vasculaire"}}, {"model": "main_etablissement.service", "pk": 135, "fields": {"public_id": "4731297c-d659-49ef-8f05-0ab14a7c092f", "created": "2023-12-14T06:37:04.330Z", "updated": "2023-12-14T06:37:04.330Z", "etablissement": 2, "name": "Traumatologie"}}, {"model": "main_etablissement.service", "pk": 136, "fields": {"public_id": "4c97d9ea-c95e-4ef5-b842-fd9913c047ea", "created": "2023-12-14T06:37:14.111Z", "updated": "2023-12-14T06:37:14.111Z", "etablissement": 2, "name": "Neurochirurgie"}}, {"model": "main_etablissement.service", "pk": 137, "fields": {"public_id": "adf2ad1b-10d3-42d4-bb4c-d6eb04c5c003", "created": "2023-12-14T06:37:23.354Z", "updated": "2023-12-14T06:37:23.354Z", "etablissement": 2, "name": "Bloc Opératoire"}}, {"model": "main_etablissement.service", "pk": 138, "fields": {"public_id": "0faf2cc6-7b9a-4c42-b715-28ed4793751d", "created": "2023-12-14T06:37:31.865Z", "updated": "2023-12-14T06:37:31.865Z", "etablissement": 2, "name": "ATU"}}, {"model": "main_etablissement.service", "pk": 139, "fields": {"public_id": "edc25f3d-58fb-427f-b59a-a904a1915072", "created": "2023-12-14T06:37:40.877Z", "updated": "2023-12-14T06:37:40.877Z", "etablissement": 2, "name": "Réanimation"}}, {"model": "main_etablissement.service", "pk": 140, "fields": {"public_id": "70eba7a5-db77-4bc3-a376-f5b3ff47e83b", "created": "2023-12-14T06:39:32.959Z", "updated": "2023-12-14T06:39:32.959Z", "etablissement": 10, "name": "Anesthésie-Réanimation"}}, {"model": "main_etablissement.service", "pk": 141, "fields": {"public_id": "7b7293a2-ea4a-46b7-b368-d30e73957fab", "created": "2023-12-14T06:39:43.161Z", "updated": "2023-12-14T06:39:43.161Z", "etablissement": 10, "name": "Matérnité"}}, {"model": "main_etablissement.service", "pk": 142, "fields": {"public_id": "f0d3bade-a140-4d9c-a192-f4aa2b761bfa", "created": "2023-12-14T06:39:50.073Z", "updated": "2023-12-14T06:39:50.073Z", "etablissement": 10, "name": "Pédiatrie"}}, {"model": "main_etablissement.service", "pk": 143, "fields": {"public_id": "e8c8c0fd-ccce-455e-9c47-b2d88dd2f026", "created": "2023-12-14T06:40:04.316Z", "updated": "2023-12-14T06:40:04.316Z", "etablissement": 10, "name": "Gynécologie-Obstétricale"}}, {"model": "main_post.post", "pk": 1, "fields": {"public_id": "5b52dc92-684c-4000-848a-de8195635cca", "created": "2023-12-30T11:23:44.932Z", "updated": "2023-12-30T13:04:24.600Z", "title": "FORMATION DE FORMATEURS SUR L’UTILISATION ET LA MANIPULATION DES SCANNERS NEUSOFT", "summary": "Un groupe de représentants composé de techniciens, manipulateurs, et médecins spécialisés en imagerie médicale des Centres Hospitaliers Universitaires (CHU) de la Région Analamanga a récemment participé à une formation intensive de 5 jours ayant eu lieu au Centre Hospitalier de Soavinandriana (CENHOSOA), débutant le 10 août 2023.", "slug": "formation-de-formateurs-sur-lutilisation-et-la-manipulation-des-scanners-neusoft", "author": 1, "body": "Un groupe de représentants composé de techniciens, manipulateurs, et médecins spécialisés en imagerie médicale des Centres Hospitaliers Universitaires (CHU) de la Région Analamanga a récemment participé à une formation intensive de 5 jours ayant eu lieu au Centre Hospitalier de Soavinandriana (CENHOSOA), débutant le 10 août 2023.\r\n\r\nDans un contexte où le domaine de la santé publique évolue rapidement avec l’intégration de technologies révolutionnaires, la nécessité de rester à la pointe des connaissances devient primordiale. Les professionnels de la santé se trouvent constamment confrontés à de nouvelles machines et marques sur le marché sanitaire, et leur mission première demeure la sauvegarde des vies. C’est dans ce cadre que le Ministère de la Santé Publique à Madagascar, conscient de la nécessité d’améliorer continuellement le système de santé, a initié cette formation.\r\n\r\nCette initiative s’inscrit dans le cadre du projet « Miarova », mis en œuvre par le Ministère de la Santé Publique et soutenu financièrement par la Banque Mondiale. L’objectif fondamental de cette formation est de renforcer les compétences des professionnels de la santé concernés, en particulier dans la maîtrise des scanners Neusoft au sein des établissements de santé dans tout Madagascar.  En adoptant une approche de formation de formateurs, ces experts auront la mission de partager leurs connaissances et expertises auprès des autres agents de santé dans les Directions régionales, contribuant ainsi à une amélioration significative et continuelle du secteur de santé à Madagascar. \r\nAffaire à suivre…", "publish": "2023-12-30T11:21:19Z", "status": "PB", "image": "post_5b52dc92-684c-4000-848a-de8195635cca/article_1_choix2.jpeg"}}, {"model": "main_post.post", "pk": 2, "fields": {"public_id": "44d50bf2-1306-4218-9fd7-3ddea25100eb", "created": "2023-12-30T11:25:26.301Z", "updated": "2023-12-30T13:04:53.648Z", "title": "Renforcement des Compétences pour Optimiser la Gestion, la maintenance et l’entretien des Équipements Médicaux à Madagascar", "summary": "Neuf techniciens du Ministère de la santé publique de Madagascar ont récemment suivi une formation intensive d’un mois au Japon visant à renforcer leurs connaissances et compétences dans la gestion, la maintenance, et l’entretien des équipements médicaux.", "slug": "renforcement-des-competences-pour-optimiser-la-gestion-la-maintenance-et-lentretien-des-equipements-medicaux-a-madagascar", "author": 1, "body": "Neuf techniciens du Ministère de la santé publique de Madagascar ont récemment suivi une formation intensive d’un mois au Japon visant à renforcer leurs connaissances et compétences dans la gestion, la maintenance, et l’entretien des équipements médicaux. Cette initiative s’inscrit dans le cadre du projet de don d’équipements médicaux, dont l’accord a été signé le 13 août 2023, et dont 7 formations sanitaires sont les principaux bénéficiaires. Cette formation est le fruit d’une forte collaboration avec JICA Madagascar, et réalisé par Air Water East Japan. \r\n\r\nL’objectif principal de la formation était d’analyser la gestion et la maintenance des équipements médicaux à Madagascar. Les techniciens ont acquis des connaissances approfondies sur les spécifications techniques, les procédures d’achat, la maintenance planifiée, et la réparation des équipements médicaux. Ils sont désormais capables d’élaborer des plans d’action pour améliorer la gestion des équipements médicaux au sein de leurs services respectifs.\r\n\r\nCette initiative s’aligne parfaitement avec le plan de développement du Secteur Santé du Ministère de la santé publique, le « PDSS 2020-2024 », qui vise à améliorer la disponibilité et l’utilisation d’offres de soins de qualité de manière équitable au niveau des structures sanitaires. L’objectif ultime est de rendre les infrastructures et équipements plus efficaces.\r\n\r\nEn parallèle à la formation, des visites d’hôpitaux et d’usines de production d’oxygène et de dispositifs médicaux ont été organisées, enrichissant ainsi l’expérience des participants.", "publish": "2023-12-30T11:24:20Z", "status": "PB", "image": "post_44d50bf2-1306-4218-9fd7-3ddea25100eb/article_2_choix1.jpeg"}}, {"model": "main_post.post", "pk": 3, "fields": {"public_id": "5ca78f40-c005-43ad-837b-9abe81d166cf", "created": "2023-12-30T11:26:15.278Z", "updated": "2023-12-30T13:05:06.825Z", "title": "ATELIER D’ORIENTATION : pour l’ouverture d’un cabinet de soins paramédicaux", "summary": "Le Ministère de la Santé publique priorise le renforcement du système sanitaire à Madagascar.  Le 03 Octobre 2023, les étudiants et enseignants en paramédicaux de diverses universités privées d’ Antananarivo Atsimondrano ont convergé pour découvrir les étapes cruciales de l’ouverture de cabinets de soins.", "slug": "atelier-dorientation-pour-louverture-dun-cabinet-de-soins-paramedicaux", "author": 1, "body": "Le Ministère de la Santé publique priorise le renforcement du système sanitaire à Madagascar.  Le 03 Octobre 2023, les étudiants et enseignants en paramédicaux de diverses universités privées d’ Antananarivo Atsimondrano ont convergé pour découvrir les étapes cruciales de l’ouverture de cabinets de soins.\r\n\r\nLes futurs agents de santé, animés par le désir d’aider, ont pris l’initiative de s’immerger dans le domaine de la santé. Les Responsables du Ministère de la Santé publique, dont le Directeur des Instituts de Formation des Paramédicaux, Madame Joliharisoa Norotiana RABENANDRASANA, ont partagé des détails essentiels pour simplifier le processus de création de leur propre cabinet. Ils ont souligné diverses méthodes pour exploiter leurs compétences, assurant un soutien continu du Ministère de tutelle tout au long de la procédure.\r\n\r\nLa journée a été une mine de nouvelles connaissances, les jeunes paramédicaux se plongeant avec enthousiasme dans les conseils pratiques. Le point culminant a été le témoignage inspirant de la sage-femme Oliva, gestionnaire de son propre cabinet. Elle a partagé les étapes et les défis qu’elle a surmontés pour parvenir à son succès actuel, offrant ainsi une perspective concrète aux jeunes participants.", "publish": "2023-12-30T11:25:28Z", "status": "PB", "image": "post_5ca78f40-c005-43ad-837b-9abe81d166cf/article_3_choix2.jpeg"}}, {"model": "main_post.post", "pk": 4, "fields": {"public_id": "2390b8ea-26fc-4273-ad02-3ed06ab20023", "created": "2023-12-31T08:03:13.762Z", "updated": "2023-12-31T08:03:13.762Z", "title": "La Direction Générale de Fourniture des Soins", "summary": "« Garantir un accès équitable aux soins de santé de qualité pour tous les citoyens Malgaches », telle est la mission sacrée que la Direction Générale de Fourniture des Soins s’efforce d’accomplir. En tant qu'organisme gouvernemental chargé de coordonner et de superviser les politiques de santé à l'échelle nationale, la DGFS joue un rôle essentiel dans l'amélioration du système de santé.", "slug": "la-direction-generale-de-fourniture-des-soins", "author": 1, "body": "« Garantir un accès équitable aux soins de santé de qualité pour tous les citoyens Malgaches », telle est la mission sacrée que la Direction Générale de Fourniture des Soins s’efforce d’accomplir. En tant qu'organisme gouvernemental chargé de coordonner et de superviser les politiques de santé à l'échelle nationale, la DGFS joue un rôle essentiel dans l'amélioration du système de santé. Le Gouvernement actuel, par le biais du Ministère de la Santé Publique, déploie tous les efforts nécessaires pour assurer « la santé pour tous et à tout âge ». Dans cette optique, la DGFS est responsable de la coordination, de l'animation, du suivi et de l'évaluation des directions et des services placés sous son autorité.  Ses activités principales consistent  à appuyer  le développement des hôpitaux publics et privés, des prestations de soins au niveau des centres de santé de base et au niveau communautaire. La DGFS est également chargée de concevoir le cadre juridique et réglementaire nécessaire au développement des Hôpitaux tant Régionaux qu’ Universitaires.\r\n\r\nEn tant que pilier central de la fourniture des soins, la DGFS veille à la mise en œuvre des directives et des mesures relevant de la compétence du Ministère de la Santé Publique en matière de soins de référence. Son objectif principal est d'améliorer la qualité des soins offerts dans les Formations sanitaires et les Hôpitaux et d'instaurer une approche humanisée des soins. La DGFS a également pour responsabilité d'initier la mise à jour des normes en termes de ressources, de techniques et de prestations au niveau des Formations sanitaires et les Hôpitaux. \r\nPour cela, il est essentiel de renforcer les différents types de partenariats, et la DGFS a pour rôle de veiller au développement du partenariat public-privé au niveau des Formations sanitaires et les Hôpitaux. La Direction Générale de Fourniture des Soins a de nombreuses missions, parmi elles, l'appropriation et l'alignement de tous les intervenants à la Politique nationale de santé et la Politique nationale de santé  communautaire. Veiller à l’application des textes règlementaires et des textes législatifs régissant le système de santé à Madagascar  ainsi qu’à la disponibilité des intrants de santé dans les différentes structures à tous les niveaux.\r\n\r\nLa Direction Générale de Fourniture des Soins, au cœur du système de santé, est investie dans des missions essentielles pour offrir des soins de qualité à la population Malagasy. \r\n\r\nTout d'abord, la planification et l'allocation des ressources de santé sont au centre de ses préoccupations. Grâce à une évaluation minutieuse des besoins en matière de soins de santé, elle définit des priorités claires et équitablement réparties. La Direction Générale veille également à une allocation judicieuse des ressources financières, matérielles et humaines, pour assurer une efficacité maximale du système de santé.\r\n\r\nEn période de crises, la gestion des urgences sanitaires est une priorité majeure pour cette entité. Qu'il s'agisse d'épidémies, de catastrophes naturelles ou de situations d'urgence, elle intervient avec célérité et expertise pour mettre en place des mesures adaptées et coordonner les actions nécessaires visant à préserver la santé publique.\r\n\r\nLa promotion de la qualité des soins et l'amélioration des pratiques cliniques constituent un autre axe fondamental de son action. En élaborant des protocoles de traitement fondés sur les meilleures pratiques, en favorisant la diffusion des bonnes pratiques cliniques parmi les professionnels de santé, et en collectant des données sur les résultats des traitements. \r\nEnfin, la supervision des établissements de santé constitue un pilier essentiel de ses missions. En veillant au strict respect des normes de qualité, de sécurité et d'efficacité des soins. La DGFS coordonne également des inspections régulières pour vérifier la conformité des établissements de santé aux exigences rigoureuses qu'elle définit.\r\n\r\nAinsi, la Direction Générale de Fourniture des Soins s'engage résolument dans la mission de soutenir un système de santé performant, offrant des soins de qualité pour tous les citoyens se conformant à la vision émise « S’unir pour un soin de qualité ».", "publish": "2023-12-31T07:59:58Z", "status": "PB", "image": "post_2390b8ea-26fc-4273-ad02-3ed06ab20023/dgfs.jpg"}}, {"model": "main_message.message", "pk": 21, "fields": {"public_id": "b91a43d3-67f3-496f-93ad-3cb7f996b1ff", "created": "2024-01-02T16:24:28.245Z", "updated": "2024-01-02T16:24:28.245Z", "mail_address": "tokyfydev@gmail.com", "mail_object": "gdfgfd", "mail_content": "dgfdgdf"}}, {"model": "main_message.message", "pk": 22, "fields": {"public_id": "db05e548-d6c7-49c8-ae5b-98be0ec8f63e", "created": "2024-01-02T16:25:20.306Z", "updated": "2024-01-02T16:25:20.306Z", "mail_address": "tokyfydev@gmail.com", "mail_object": "qwer", "mail_content": "qwerqwer"}}, {"model": "main_message.message", "pk": 23, "fields": {"public_id": "d2d4c1cc-8dc8-48f7-be04-569c78ba3929", "created": "2024-01-05T05:59:45.145Z", "updated": "2024-01-05T05:59:45.145Z", "mail_address": "tokyfydev@gmail.com", "mail_object": "dfgdfg", "mail_content": "dfgdfgdgdfg"}}, {"model": "main_message.message", "pk": 24, "fields": {"public_id": "af46bd25-70a4-4bb2-9f4f-94302e067fe9", "created": "2024-01-05T16:52:21.334Z", "updated": "2024-01-05T16:52:21.334Z", "mail_address": "tokyfydev@gmail.com", "mail_object": "asd", "mail_content": "asd"}}, {"model": "main_institution.ministere", "pk": 1, "fields": {"public_id": "4bce63c8-253e-4b1f-88c2-28f02dc98b3f", "created": "2023-12-27T11:26:28.746Z", "updated": "2023-12-27T11:26:28.746Z", "name": "Ministère de la Santé Publique", "description": ""}}, {"model": "main_institution.direction", "pk": 1, "fields": {"public_id": "a80dded6-cb82-4807-a470-6ab0339e0a20", "created": "2023-12-27T11:28:57.205Z", "updated": "2023-12-27T11:28:57.205Z", "name": "Direction Générale des Fournitures de Soins", "type_direction": "DG", "accronyme": "DGFS", "direction_generale": null, "ministere": 1, "description": ""}}, {"model": "main_institution.direction", "pk": 2, "fields": {"public_id": "fd9884d5-12d5-4c94-816e-ff057e13f283", "created": "2023-12-27T11:41:52.528Z", "updated": "2023-12-27T11:42:07.497Z", "name": "Direction de la Pharmacie, des Laboratoires et de la Médecine Traditionnelle", "type_direction": "DC", "accronyme": "DPLMT", "direction_generale": 1, "ministere": 1, "description": "Composée du Service de la Pharmacopée et de la Médecine Préventive (SPMT), du Service du Développement des Laboratoires (Slab) et du Service de la Gestion des Intrants de la Santé (SGIS), la DPLMT joue un rôle essentiel dans l’amélioration du système de santé, notamment dans l’approvisionnement et le suivi  de la fourniture en médicaments et intrants de santé dans toutes les structures sanitaires publiques.  Il revient également à la responsabilité de cette Direction en particulier   de concevoir et faire respecter le cadre juridique et règlementaire sur l’ouverture et le fonctionnement des structures de vente de médicaments publics et privés. Le domaine de la vente de médicaments privés est composé essentiellement de la Pharmacie d’Officine, dépôt de médicaments et les importateurs et grossistes de médicaments. Celui de la vente de médicaments publiques est quant à lui composé de la Pharmacie de gros de Districts et de l’Unité de Pharmacie pour les CHU. Une des responsabilités majeures attribuées à la DPLMT  est également d’assurer le suivi du fonctionnement des laboratoires d’analyses médicales et des centres d’imageries de toutes les formations sanitaires. La promotion et l’intégration de la pharmacopée traditionnelle malagasy dans le système de santé font également partie de ses missions sacrées."}}, {"model": "main_institution.direction", "pk": 3, "fields": {"public_id": "eff03f09-69be-465c-9000-fb372fe52820", "created": "2023-12-27T11:47:17.020Z", "updated": "2023-12-27T11:47:17.020Z", "name": "Direction des Hôpitaux des Régions et des Districts", "type_direction": "DC", "accronyme": "DHRD", "direction_generale": 1, "ministere": 1, "description": "La Direction des Hôpitaux des Régions et des Districts (DHRD) œuvre pour une réforme hospitalière équitable basée sur l’élimination des risques financières et des obstacles à l’accès aux services de santé. Avec pour objectif ultime d’atteindre la couverture santé universelle tout en s’engageant à offrir des services de santé de qualité à l’ensemble de la population Malagasy, en particulier aux plus démunis. \r\n\r\nEn tant que DHRD, elle a pour responsabilité de veiller à l'équité de l'accès aux soins, s’efforcer de garantir que chaque individu ait un accès équitable aux services de santé, sans aucune forme de discrimination. Elle a également pour mission d’assurer l'accessibilité à des soins de qualité, et rendre ces soins disponibles dans les hôpitaux de référence publics et privés pour tous les citoyens, quelle que soit leur situation socio-économique. Une autre mission attribuée, respecter un système de référence/contre référence efficace en mettant enplace une surveillance d’un système fluide de référence, permettant aux patients d'accéder aux soins spécialisés en toute simplicité, en commençant par les soins de base.\r\nLes attributions de la DHRD sont diverses, pour ne citer qu’elle doit assurer la tutelle technique des hôpitaux publics et privés de référence pour une gestion optimale et un fonctionnement efficace. Elle doit soutenir le développement des Hôpitaux de référence publics et privés dans les Régions et Districts, en accord avec leur Projet d'Établissement Hospitalier (PEH) élaboré selon le plan directeur des hôpitaux de référence. Concevoir le cadre juridique et réglementaire nécessaire pour favoriser le développement des hôpitaux de référence publics et privés dans les différentes régions figure également parmi ses attributions. Elle doit contribuer activement à l'amélioration de la qualité des soins offerts dans les hôpitaux de référence et promouvoir l'humanisation des soins."}}, {"model": "main_institution.direction", "pk": 4, "fields": {"public_id": "41f22ae0-8213-4928-a741-926595058fae", "created": "2023-12-28T06:35:15.951Z", "updated": "2023-12-28T06:35:15.951Z", "name": "Direction des Soins de Santé de Base", "type_direction": "DC", "accronyme": "DSSB", "direction_generale": 1, "ministere": 1, "description": "La Direction des Soins de Santé de Base est essentiellement chargée de planifier, d’organiser et de suivre les activités sanitaires à l’échelon du District et de la communauté. La DSSB est composée du Service d’appui à la gestion des Districts (SAGD), du Service des Soins de Santé de Base et de la Médecine Libérale et des Dispensaires Privées (SSSBMLDP) et du Service de la Santé Communautaire (SSC). Comme son nom l’indique, la DSSB a pour attribution d’élaborer les normes et le standard en matière de qualité des services et des soins offerts au niveau de toutes les formations sanitaires de base, publiques et privés y compris les structures communautaires. Elle est également chargée d’appuyer la mise en œuvre des activités de santé du District sanitaire et de développer le partenariat et la collaboration intersectorielle en faveur du développement sanitaire au niveau des Districts. La toute dernière attribution de la DSSB et non la moindre, veiller à l’application effective de la Politique Nationale de santé communautaire en vue d’améliorer la santé publique."}}, {"model": "main_institution.direction", "pk": 5, "fields": {"public_id": "4757a88a-a09a-406f-924a-bceaf8346bde", "created": "2023-12-28T06:37:01.039Z", "updated": "2023-12-28T06:37:01.039Z", "name": "Direction du Centre d’Aide Médicale d’Urgence de Madagascar", "type_direction": "DC", "accronyme": "DCAMUM", "direction_generale": 1, "ministere": 1, "description": "La Direction du Centre d’Aide Médicale d’Urgence de Madagascar (DCAMUM) a pour mission principale de prendre en charge toute situation d’urgence et de développer les aides médicales d’urgence. A cet effet, elle dispose de diverses attributions notamment la création d’un centre d’écoute médicale permanent. Il revient également à la responsabilité de la DCAMUM d’assurer la disponibilité des moyens d’hospitalisation publics ou privés adaptés à l’état du patient, à noter qu’il faut prendre en compte le respect du choix du patient et la préparation de son accueil. L’organisation du transport médicalisé fait également partie de ses nombreuses responsabilités, le transport du patient vers un établissement de santé, qu’il s’agisse d’un établissement public ou privé. Elle se charge de faire appel à des services publics ou des entreprises privées spécialisées dans les transports sanitaires et veiller à ce que le patient soit admis dans un établissement approprié. La DCAMUM favorise également la coopération avec les établissements privés ou les services ambulanciers privés, un partenariat fixé par une convention entre l’entité concernée et le Ministère de la Santé Publique et qui vise à améliorer la qualité des soins et la prise en charge des patients lors des interventions d’urgence. En cas de nécessité,  la DCAMUM se charge de l’évacuation sanitaire des patients vers des Centres Hospitaliers adaptés à leur état de santé et par la même occasion facilite la constitution des dossiers médicaux pour assurer une prise en charge rapide et efficace. Dans les situations d’urgence qui exigent une intervention conjointe avec les sapeurs pompiers, la DCAMUM travaille en étroite collaboration avec ces derniers. L’approche coordonnée entre les moyens médicaux et les moyens de sauvetage permet de répondre efficacement aux urgences médicales."}}, {"model": "main_institution.direction", "pk": 6, "fields": {"public_id": "dd1bb568-a4fd-4ad1-9c4e-131e031b0ba1", "created": "2023-12-28T06:37:40.359Z", "updated": "2023-12-28T06:37:40.359Z", "name": "Direction de la Transfusion Sanguine", "type_direction": "DC", "accronyme": "DTS", "direction_generale": 1, "ministere": 1, "description": "La Direction de la Transfusion Sanguine (DTS) est une entité fondamentale qui œuvre pour garantir la disponibilité, la sécurité et l'utilisation rationnelle du sang et de ses dérivés sur l'ensemble du territoire national. Dans cette optique, la DTS se voit attribuer plusieurs missions essentielles :\r\nTout d'abord, elle est responsable de l'organisation et de la coordination des activités de transfusion sanguine à travers le pays. Elle établit les normes rigoureuses qui régissent la transfusion sanguine afin d'assurer des pratiques médicales sûres et efficaces. En outre, la DTS joue un rôle clé dans l'acquisition de matériels, équipements et consommables nécessaires à la transfusion sanguine, veillant ainsi à ce que les ressources essentielles soient disponibles dans tous les centres de transfusion. La supervision des Centres Régionaux de Transfusion Sanguine fait également partie des responsabilités de la DTS. Cette surveillance attentive garantit la qualité des services fournis et l'efficacité des opérations de transfusion dans chaque Région. Une autre mission vitale de la DTS est d'assurer la qualité et la disponibilité permanente du sang et des produits sanguins. La DTS travaille en étroite collaboration avec les Centres Hospitaliers pour s'assurer que les besoins en sang sont comblés, tout en respectant strictement les indications médicales. La formation du personnel des structures de transfusion sanguine est également une mission clé pour la DTS. Elle veille à ce que le personnel médical soit qualifié et compétent dans les procédures de transfusion sanguine, contribuant ainsi à des pratiques professionnelles exemplaires. Enfin, la DTS joue un rôle de promotion  important en encourageant la recherche opérationnelle et l'économie du sang. Elle encourage activement le don bénévole de sang et d'organes, car la générosité du public est essentielle pour maintenir des réserves suffisantes et répondre aux besoins des patients de manière adéquate.\r\nEn résumé, la Direction de la Transfusion Sanguine (DTS) remplit un rôle crucial en assurant la sécurité, la qualité et la disponibilité du sang et de ses dérivés dans tout le pays. Ses missions variées englobent l'organisation, la coordination, la supervision, la formation et la promotion de pratiques médicales responsables, contribuant à sauver des vies et à améliorer la santé de toute la population."}}, {"model": "main_institution.direction", "pk": 7, "fields": {"public_id": "5063c9df-078f-4551-b86a-bc154ae4b4d2", "created": "2023-12-28T06:38:18.830Z", "updated": "2023-12-28T06:38:18.830Z", "name": "Direction des Instituts de Formation des Paramédicaux", "type_direction": "DC", "accronyme": "DIFP", "direction_generale": 1, "ministere": 1, "description": "La Direction des Instituts de Formation des Paramédicaux (DIFP) est également une des Directions clés de la DGFS, contribuant en grande partie à l’amélioration de la qualité des soins au niveau des Hôpitaux. La DIFP se charge entre autres de la coordination de la Formation paramédicale en collaboration avec la Faculté de Médecine. Elle se charge également de l’élaboration et la mise à jour du curricula de Formation. Côté administratif, il revient à la responsabilité de la DIFP d’émettre un avis sur la création des Instituts Privés de Formation Paramédicale et de faire un compte rendu au Secrétariat Général du Ministère de la Santé Publique. La DIFP est essentiellement composée de deux Service dont le Service de Coordination des Formations (SCF) et du Service Administratif (SA)."}}, {"model": "main_institution.direction", "pk": 8, "fields": {"public_id": "f5c85b2c-4dfc-4196-b70f-c15d3bc23b03", "created": "2023-12-28T06:38:53.471Z", "updated": "2023-12-28T06:38:53.471Z", "name": "Laboratoire d’Analyses Médicales Malagasy", "type_direction": "DC", "accronyme": "LA2M", "direction_generale": 1, "ministere": 1, "description": "Nombreuses sont les missions attribuées au Laboratoire d’Analyses Médicales Malagasy, -communément connu sous l’acronyme LAMM-  en tant que Laboratoire national de surveillance, de contrôle et de référence de santé publique. Le LAMM est notamment chargé d’assurer la référence en matière de laboratoire, dans les domaines de la confirmation du diagnostic, de la surveillance et des investigations des maladies à potentiel épidémique conformément au RSI et des autres maladies prioritaires en santé publique. Il est également chargé d’établir un réseau de surveillance épidémiologique sur tout le territoire afin d’assurer une surveillance épidémiologique optimale. Toujours dans son rôle de Laboratoire de référence dans tout le territoire national, le LAMM est également responsable de la coordination, de la collecte, de l’analyse et le partage des données au sein des différents laboratoires dans le cadre de la surveillance épidémiologique des  maladies prioritaires. Une des missions principales attribuées au LAMM est également d’assurer l’accompagnement à la mise en place d’un système de management de la qualité dans les laboratoires publics du Pays.  En outre, le Laboratoire d’Analyses Médicales Malagasy   se voit également attribué le rôle d’établir des partenariats à l’international afin de développer les activités de surveillance biologique des maladies liées à la santé publique ainsi que d’appuyer les différents programmes dans la lutte contre les maladies. Les recherches opérationnelles figurent également parmi les missions vitale de ce Laboratoire en particulier."}}, {"model": "main_institution.service", "pk": 1, "fields": {"public_id": "47d54294-88e5-4641-9a1f-be950262825c", "created": "2023-12-28T11:41:08.973Z", "updated": "2023-12-28T11:41:08.973Z", "name": "Service de Suivi et d'Evaluation des Performances des Structures Sanitaires", "direction": 1, "accronyme": "SSEPSS", "description": ""}}, {"model": "main_institution.service", "pk": 2, "fields": {"public_id": "69befdb2-d30d-4208-8f0c-ff3b136513a5", "created": "2023-12-28T11:42:26.452Z", "updated": "2023-12-28T11:42:26.452Z", "name": "Service de Management Qualité et Projet d'Etablissement Hospitalier", "direction": 1, "accronyme": "SMQPEH", "description": ""}}, {"model": "main_institution.service", "pk": 3, "fields": {"public_id": "e9876fe4-22e9-40f5-bf6e-f7a8ee16b562", "created": "2023-12-28T11:42:50.123Z", "updated": "2023-12-28T11:42:50.123Z", "name": "Service Administratif et Financier", "direction": 1, "accronyme": "SAF", "description": ""}}, {"model": "main_institution.service", "pk": 4, "fields": {"public_id": "fd9660c5-1172-4200-8936-6b7e2e4d3317", "created": "2023-12-28T11:43:47.804Z", "updated": "2023-12-28T11:43:47.805Z", "name": "Service d'Appui à la Recherche, à la Formation Continue et à la Gestion de Connaissance", "direction": 1, "accronyme": "SARFCGC", "description": ""}}, {"model": "main_partenaire.partenaire", "pk": 1, "fields": {"public_id": "ddb9a060-845f-4391-a20a-2c5c63e39fe6", "created": "2024-01-05T09:02:15.699Z", "updated": "2024-01-05T09:02:15.699Z", "name": "World Health Organization", "logo": "logo_ddb9a060-845f-4391-a20a-2c5c63e39fe6/World_Health_Organization.jpg", "lien_page": "https://www.afro.who.int/fr/countries/madagascar"}}, {"model": "main_partenaire.partenaire", "pk": 2, "fields": {"public_id": "f7b726c0-4f14-4fff-92e9-4553d306a3ef", "created": "2024-01-05T09:03:13.139Z", "updated": "2024-01-05T09:03:13.139Z", "name": "La banque mondiale", "logo": "logo_f7b726c0-4f14-4fff-92e9-4553d306a3ef/La_banque_mondiale.jpg", "lien_page": "https://www.banquemondiale.org/"}}, {"model": "main_partenaire.partenaire", "pk": 3, "fields": {"public_id": "fa40cf8b-ed8b-4c2f-97f6-8da8e09cbaca", "created": "2024-01-05T09:03:52.035Z", "updated": "2024-01-05T09:03:52.035Z", "name": "ROLL BACK", "logo": "logo_fa40cf8b-ed8b-4c2f-97f6-8da8e09cbaca/ROLL_BACK.jpg", "lien_page": "https://endmalaria.org/"}}, {"model": "main_partenaire.partenaire", "pk": 4, "fields": {"public_id": "a3348993-4313-494b-8f16-956069700f74", "created": "2024-01-05T09:04:19.745Z", "updated": "2024-01-05T09:04:19.745Z", "name": "UNICEF", "logo": "logo_a3348993-4313-494b-8f16-956069700f74/UNICEF.png", "lien_page": "https://www.unicef.org/madagascar/"}}, {"model": "main_partenaire.partenaire", "pk": 5, "fields": {"public_id": "97384833-e2da-4556-bb95-66c00e56ea89", "created": "2024-01-05T09:04:43.214Z", "updated": "2024-01-05T09:04:43.214Z", "name": "USAID", "logo": "logo_97384833-e2da-4556-bb95-66c00e56ea89/USAID.jpg", "lien_page": "https://www.usaid.gov/fr/madagascar"}}, {"model": "main_partenaire.partenaire", "pk": 6, "fields": {"public_id": "946e8f04-4058-4cf3-8b97-4d0c2542ff91", "created": "2024-01-05T09:05:12.815Z", "updated": "2024-01-05T09:05:12.815Z", "name": "ACCESS", "logo": "logo_946e8f04-4058-4cf3-8b97-4d0c2542ff91/ACCESS.jpg", "lien_page": "https://www.msh.org/our-work/projects/the-accessible-continuum-of-care-and-essential-services-sustained-access-activity"}}, {"model": "main_partenaire.partenaire", "pk": 7, "fields": {"public_id": "8bae96e2-23dd-436d-8800-816fb7e00b60", "created": "2024-01-05T09:05:35.505Z", "updated": "2024-01-05T09:05:35.505Z", "name": "MSH", "logo": "logo_8bae96e2-23dd-436d-8800-816fb7e00b60/MSH.jpg", "lien_page": "https://www.msh.org/our-work/country/madagascar"}}, {"model": "main_partenaire.partenaire", "pk": 8, "fields": {"public_id": "05818142-52be-4eec-9f11-26f8f0b925b2", "created": "2024-01-05T09:06:08.586Z", "updated": "2024-01-05T09:06:08.586Z", "name": "Mahefa Miaraka", "logo": "logo_05818142-52be-4eec-9f11-26f8f0b925b2/Mahefa_Miaraka.jpg", "lien_page": "https://www.jsi.com/JSIInternet/IntlHealth/project/display.cfm?ctid=na&cid=na&tid=40&id=24863"}}, {"model": "main_partenaire.partenaire", "pk": 9, "fields": {"public_id": "30077a3c-1d94-46b1-bc5b-0b1e6ea58bb9", "created": "2024-01-05T09:06:30.913Z", "updated": "2024-01-05T09:06:30.913Z", "name": "PSI", "logo": "logo_30077a3c-1d94-46b1-bc5b-0b1e6ea58bb9/PSI.jpg", "lien_page": "https://www.psi.org/country/madagascar/"}}, {"model": "main_partenaire.partenaire", "pk": 10, "fields": {"public_id": "b18a17fd-dff5-4ad1-b1dd-3ad8fa15e8a6", "created": "2024-01-05T09:06:56.566Z", "updated": "2024-01-05T09:06:56.566Z", "name": "MEASURE Evaluation", "logo": "logo_b18a17fd-dff5-4ad1-b1dd-3ad8fa15e8a6/MEASURE_Evaluation.jpg", "lien_page": "https://www.measureevaluation.org/countries/madagascar/fr"}}, {"model": "main_partenaire.partenaire", "pk": 11, "fields": {"public_id": "b85c4aed-65ca-49e8-9d24-b652c4676730", "created": "2024-01-05T09:07:18.985Z", "updated": "2024-01-05T09:07:18.985Z", "name": "Jhpiego", "logo": "logo_b85c4aed-65ca-49e8-9d24-b652c4676730/Jhpiego.jpg", "lien_page": "https://www.jhpiego.org/where-we-work/madagascar/"}}, {"model": "main_partenaire.partenaire", "pk": 12, "fields": {"public_id": "fe2d46c0-51df-4601-ace8-266617694d22", "created": "2024-01-05T09:07:48.914Z", "updated": "2024-01-05T09:07:48.914Z", "name": "JSI", "logo": "logo_fe2d46c0-51df-4601-ace8-266617694d22/JSI.jpg", "lien_page": "https://www.jsi.com/"}}, {"model": "main_partenaire.partenaire", "pk": 13, "fields": {"public_id": "7e1aac84-5f0b-47c4-ac5a-62af806e850c", "created": "2024-01-05T09:08:13.319Z", "updated": "2024-01-05T09:08:13.319Z", "name": "CRS", "logo": "logo_7e1aac84-5f0b-47c4-ac5a-62af806e850c/CRS.jpg", "lien_page": "http://www.crs-fararano.mg/"}}, {"model": "main_partenaire.partenaire", "pk": 14, "fields": {"public_id": "620624a5-07d3-4ce9-9510-229a6e85abf0", "created": "2024-01-05T09:08:38.247Z", "updated": "2024-01-05T09:08:38.247Z", "name": "UNFPA", "logo": "logo_620624a5-07d3-4ce9-9510-229a6e85abf0/UNFPA.jpg", "lien_page": "https://madagascar.unfpa.org/fr"}}, {"model": "main_partenaire.partenaire", "pk": 15, "fields": {"public_id": "0e39a6fe-d7ad-489d-b506-d6a6333f5c68", "created": "2024-01-05T09:09:00.544Z", "updated": "2024-01-05T09:09:00.544Z", "name": "Gavi", "logo": "logo_0e39a6fe-d7ad-489d-b506-d6a6333f5c68/Gavi.jpg", "lien_page": "https://www.gavi.org/fr/"}}, {"model": "main_partenaire.partenaire", "pk": 16, "fields": {"public_id": "62fe0997-39fc-4745-9706-ce6515c73462", "created": "2024-01-05T09:09:31.289Z", "updated": "2024-01-05T09:09:31.289Z", "name": "Ordre Psychologues", "logo": "logo_62fe0997-39fc-4745-9706-ce6515c73462/Ordre_Psychologues.jpg", "lien_page": "http://ordrepsy.mg/"}}, {"model": "main_partenaire.partenaire", "pk": 17, "fields": {"public_id": "9d598b87-11b7-49e1-a569-3638ccf62517", "created": "2024-01-05T09:10:02.819Z", "updated": "2024-01-05T09:10:02.819Z", "name": "COI", "logo": "logo_9d598b87-11b7-49e1-a569-3638ccf62517/COI.jpg", "lien_page": "https://www.commissionoceanindien.org/"}}, {"model": "main_partenaire.partenaire", "pk": 18, "fields": {"public_id": "4af2213b-dcc4-4f31-ab01-bf07f4c7785b", "created": "2024-01-05T09:10:26.906Z", "updated": "2024-01-05T09:10:26.906Z", "name": "Fonds Mondial", "logo": "logo_4af2213b-dcc4-4f31-ab01-bf07f4c7785b/Fonds_Mondial.jpg", "lien_page": "https://www.theglobalfund.org/fr/"}}]