[
  {
    "model": "main_etablissement.etablissement",
    "pk": 2,
    "fields": {
      "public_id": "75ab7bea-f7a9-46bf-98c7-4776c0788df6",
      "created": "2023-12-13T06:14:36.642Z",
      "updated": "2023-12-13T06:14:36.642Z",
      "name": "CHU Morafeno",
      "categorie": "CHU",
      "adresse": "Tamatave",
      "logo": "",
      "image_description": ""
    }
  },
  {
    "model": "main_etablissement.etablissement",
    "pk": 3,
    "fields": {
      "public_id": "16845814-3f9d-469f-ad55-af56298a6e5c",
      "created": "2023-12-13T06:14:57.394Z",
      "updated": "2023-12-13T06:14:57.394Z",
      "name": "CHU PZAGA",
      "categorie": "CHU",
      "adresse": "Mahajanga",
      "logo": "",
      "image_description": ""
    }
  },
  {
    "model": "main_etablissement.etablissement",
    "pk": 4,
    "fields": {
      "public_id": "24c969bb-1258-4da6-a209-fa34edae699a",
      "created": "2023-12-13T06:15:11.822Z",
      "updated": "2023-12-13T06:15:11.822Z",
      "name": "CHU Fenoarivo",
      "categorie": "CHU",
      "adresse": "Analamanga",
      "logo": "",
      "image_description": ""
    }
  },
  {
    "model": "main_etablissement.etablissement",
    "pk": 5,
    "fields": {
      "public_id": "c20ed850-750a-4614-ab35-1a3a4274aabe",
      "created": "2023-12-13T06:15:42.886Z",
      "updated": "2023-12-13T06:15:42.886Z",
      "name": "CHU Tambohobe",
      "categorie": "CHU",
      "adresse": "Fianarantsoa",
      "logo": "",
      "image_description": ""
    }
  },
  {
    "model": "main_etablissement.etablissement",
    "pk": 6,
    "fields": {
      "public_id": "802455e1-9e2d-4803-a3da-d0fdf9616fbd",
      "created": "2023-12-13T06:16:00.974Z",
      "updated": "2023-12-13T06:16:00.974Z",
      "name": "CHUMA",
      "categorie": "CHU",
      "adresse": "Analamanga",
      "logo": "",
      "image_description": ""
    }
  },
  {
    "model": "main_etablissement.etablissement",
    "pk": 7,
    "fields": {
      "public_id": "a6d3b012-d454-4d04-8669-26cb0136a3f0",
      "created": "2023-12-13T06:16:22.354Z",
      "updated": "2023-12-13T06:16:22.354Z",
      "name": "CHUMB",
      "categorie": "CHU",
      "adresse": "Toliara",
      "logo": "",
      "image_description": ""
    }
  },
  {
    "model": "main_etablissement.etablissement",
    "pk": 8,
    "fields": {
      "public_id": "7c6cda05-5c2d-4114-83ca-a1ccda0efd0c",
      "created": "2023-12-13T06:17:18.255Z",
      "updated": "2023-12-13T06:17:25.346Z",
      "name": "CHUMEA",
      "categorie": "CHU",
      "adresse": "Analamanga",
      "logo": "",
      "image_description": ""
    }
  },
  {
    "model": "main_etablissement.etablissement",
    "pk": 9,
    "fields": {
      "public_id": "6108464c-5480-4764-8d7c-86fc4475a5f9",
      "created": "2023-12-13T06:17:50.307Z",
      "updated": "2023-12-13T06:17:50.307Z",
      "name": "CHU Tanambao",
      "categorie": "CHU",
      "adresse": "Antsiranana",
      "logo": "",
      "image_description": ""
    }
  },
  {
    "model": "main_etablissement.etablissement",
    "pk": 10,
    "fields": {
      "public_id": "d768a865-82e3-44e9-840d-0dd19adac0c1",
      "created": "2023-12-13T06:18:04.711Z",
      "updated": "2023-12-13T06:18:04.711Z",
      "name": "CHUGOB",
      "categorie": "CHU",
      "adresse": "Analamanga",
      "logo": "",
      "image_description": ""
    }
  },
  {
    "model": "main_etablissement.etablissement",
    "pk": 11,
    "fields": {
      "public_id": "3d3fc575-19ee-4aae-8a80-bcf4203eb37f",
      "created": "2023-12-13T06:18:24.177Z",
      "updated": "2023-12-13T06:18:24.177Z",
      "name": "CHU Anosiala",
      "categorie": "CHU",
      "adresse": "Analamanga",
      "logo": "",
      "image_description": ""
    }
  },
  {
    "model": "main_etablissement.etablissement",
    "pk": 12,
    "fields": {
      "public_id": "01a7661e-8aef-494d-92f4-36a93c3bfa32",
      "created": "2023-12-13T06:18:50.990Z",
      "updated": "2023-12-13T06:18:50.990Z",
      "name": "CHU Andohotapenaka",
      "categorie": "CHU",
      "adresse": "Analamanga",
      "logo": "",
      "image_description": ""
    }
  },
  {
    "model": "main_etablissement.etablissement",
    "pk": 13,
    "fields": {
      "public_id": "5df4e011-cd02-4221-9e4e-bd1096888b7f",
      "created": "2023-12-13T06:19:13.473Z",
      "updated": "2023-12-13T06:19:13.473Z",
      "name": "CHUSSPA",
      "categorie": "CHU",
      "adresse": "Analamanga",
      "logo": "",
      "image_description": ""
    }
  },
  {
    "model": "main_etablissement.etablissement",
    "pk": 14,
    "fields": {
      "public_id": "0f22a9ff-11d9-4825-84d1-127867b92853",
      "created": "2023-12-13T06:19:27.350Z",
      "updated": "2023-12-13T06:19:27.350Z",
      "name": "CHUMET",
      "categorie": "CHU",
      "adresse": "Analamanga",
      "logo": "",
      "image_description": ""
    }
  },
  {
    "model": "main_etablissement.etablissement",
    "pk": 15,
    "fields": {
      "public_id": "0f99ac5c-2f03-4a45-a9cf-bb64c9f76fb6",
      "created": "2023-12-13T06:19:39.189Z",
      "updated": "2023-12-13T06:19:39.189Z",
      "name": "CHUJDR",
      "categorie": "CHU",
      "adresse": "Analamanga",
      "logo": "",
      "image_description": ""
    }
  },
  {
    "model": "main_etablissement.etablissement",
    "pk": 16,
    "fields": {
      "public_id": "5fc18feb-e46f-4c0d-b6c2-b16f2a1fb477",
      "created": "2023-12-13T06:19:58.962Z",
      "updated": "2023-12-13T06:19:58.962Z",
      "name": "CHUAM",
      "categorie": "CHU",
      "adresse": "Analamanga",
      "logo": "",
      "image_description": ""
    }
  },
  {
    "model": "main_etablissement.etablissement",
    "pk": 17,
    "fields": {
      "public_id": "8705026c-15e6-4d87-a127-0b31df7f0a8c",
      "created": "2023-12-13T06:20:16.398Z",
      "updated": "2023-12-13T06:20:16.398Z",
      "name": "CHU Andrainjato",
      "categorie": "CHU",
      "adresse": "Fianarantsoa",
      "logo": "",
      "image_description": ""
    }
  },
  {
    "model": "main_etablissement.etablissement",
    "pk": 18,
    "fields": {
      "public_id": "fca4cea0-4a72-44c3-a731-b984adbad823",
      "created": "2023-12-13T06:23:51.570Z",
      "updated": "2023-12-13T06:23:51.570Z",
      "name": "CHUPKA",
      "categorie": "CHU",
      "adresse": "Antsiranana",
      "logo": "",
      "image_description": ""
    }
  },
  {
    "model": "main_etablissement.etablissement",
    "pk": 19,
    "fields": {
      "public_id": "535f333b-bfe5-4b5b-bcc7-f3cd1a392729",
      "created": "2023-12-13T06:24:04.166Z",
      "updated": "2023-12-13T06:24:04.166Z",
      "name": "CHUJRA",
      "categorie": "CHU",
      "adresse": "Analamanga",
      "logo": "",
      "image_description": ""
    }
  },
  {
    "model": "main_etablissement.etablissement",
    "pk": 20,
    "fields": {
      "public_id": "3bc71ac4-c340-43e1-baea-7240eb92f5f7",
      "created": "2023-12-13T06:24:52.531Z",
      "updated": "2023-12-13T06:24:52.531Z",
      "name": "CHU Analakininina",
      "categorie": "CHU",
      "adresse": "Tamatave",
      "logo": "",
      "image_description": ""
    }
  },
  {
    "model": "main_etablissement.etablissement",
    "pk": 21,
    "fields": {
      "public_id": "906552dc-e443-4650-b31f-76267992fa91",
      "created": "2023-12-13T06:29:20.370Z",
      "updated": "2023-12-13T06:29:20.370Z",
      "name": "CHUSMA",
      "categorie": "CHU",
      "adresse": "Analamanga",
      "logo": "",
      "image_description": ""
    }
  },
  {
    "model": "main_etablissement.etablissement",
    "pk": 22,
    "fields": {
      "public_id": "ca3067d9-3048-4a11-96b8-f1aa164d6f59",
      "created": "2023-12-13T07:19:21.537Z",
      "updated": "2023-12-13T07:19:21.537Z",
      "name": "CHUJRB",
      "categorie": "CHU",
      "adresse": "Analamanga",
      "logo": "",
      "image_description": ""
    }
  },
  {
    "model": "main_etablissement.etablissement",
    "pk": 23,
    "fields": {
      "public_id": "5f8665bf-1ccb-4056-8b15-e60a4e1e2022",
      "created": "2023-12-13T08:16:09.033Z",
      "updated": "2023-12-13T08:16:09.033Z",
      "name": "CHU Antanambao",
      "categorie": "CHU",
      "adresse": "Toliara",
      "logo": "",
      "image_description": ""
    }
  },
  {
    "model": "main_etablissement.service",
    "pk": 3,
    "fields": {
      "public_id": "2e7fb879-30eb-4d40-ad74-a1d135c54fcf",
      "created": "2023-12-13T10:35:38.846Z",
      "updated": "2023-12-13T10:35:38.846Z",
      "etablissement": 23,
      "name": "Cardio-vasculaire"
    }
  },
  {
    "model": "main_etablissement.service",
    "pk": 4,
    "fields": {
      "public_id": "7a1df422-857e-472a-b629-74fc8f184f88",
      "created": "2023-12-13T10:35:49.163Z",
      "updated": "2023-12-13T10:35:49.163Z",
      "etablissement": 23,
      "name": "Neuropsychiatrie"
    }
  },
  {
    "model": "main_etablissement.service",
    "pk": 5,
    "fields": {
      "public_id": "da1db3e2-aeda-4226-8367-0955deb3ea71",
      "created": "2023-12-13T10:36:07.236Z",
      "updated": "2023-12-13T10:36:07.236Z",
      "etablissement": 23,
      "name": "Cancérologie"
    }
  },
  {
    "model": "main_etablissement.service",
    "pk": 6,
    "fields": {
      "public_id": "bef0ff48-4f61-4166-ac1e-5292f8d32221",
      "created": "2023-12-13T10:36:19.119Z",
      "updated": "2023-12-13T10:36:19.120Z",
      "etablissement": 23,
      "name": "Médecine Polyvalente"
    }
  },
  {
    "model": "main_etablissement.service",
    "pk": 7,
    "fields": {
      "public_id": "263ec8d1-20af-48c5-ab55-f5b06167cc24",
      "created": "2023-12-13T10:37:30.668Z",
      "updated": "2023-12-13T10:37:30.668Z",
      "etablissement": 23,
      "name": "Pneumo-Phtisiologie"
    }
  },
  {
    "model": "main_etablissement.service",
    "pk": 8,
    "fields": {
      "public_id": "f137b94a-1173-4152-992b-4964090d5d7d",
      "created": "2023-12-13T10:38:02.327Z",
      "updated": "2023-12-13T10:38:02.327Z",
      "etablissement": 23,
      "name": "Chirurgie générale"
    }
  },
  {
    "model": "main_etablissement.service",
    "pk": 9,
    "fields": {
      "public_id": "f46b7fd5-6d75-4a07-a8de-6155cedd3ac3",
      "created": "2023-12-13T10:38:21.959Z",
      "updated": "2023-12-13T10:38:21.959Z",
      "etablissement": 23,
      "name": "Traumatologie"
    }
  },
  {
    "model": "main_etablissement.service",
    "pk": 10,
    "fields": {
      "public_id": "f1dab3bc-172d-458e-9348-92eb2513fd49",
      "created": "2023-12-13T10:38:43.604Z",
      "updated": "2023-12-13T10:38:43.604Z",
      "etablissement": 23,
      "name": "Bloc Opératoire"
    }
  },
  {
    "model": "main_etablissement.service",
    "pk": 11,
    "fields": {
      "public_id": "3c7c9196-cbed-4e65-b0f0-1fc23ea75cbe",
      "created": "2023-12-13T10:39:08.809Z",
      "updated": "2023-12-13T10:39:08.809Z",
      "etablissement": 23,
      "name": "Stomatologie – Maxillo facial"
    }
  },
  {
    "model": "main_etablissement.service",
    "pk": 12,
    "fields": {
      "public_id": "08ce18b2-ce4f-4bbd-868f-c1784543847a",
      "created": "2023-12-13T10:39:39.415Z",
      "updated": "2023-12-13T10:39:39.415Z",
      "etablissement": 23,
      "name": "Ophtalmologie"
    }
  },
  {
    "model": "main_etablissement.service",
    "pk": 13,
    "fields": {
      "public_id": "f8dc8d6b-bd0e-4811-bc99-123a405e286b",
      "created": "2023-12-13T10:39:49.973Z",
      "updated": "2023-12-13T10:39:49.973Z",
      "etablissement": 23,
      "name": "ORL"
    }
  },
  {
    "model": "main_etablissement.service",
    "pk": 14,
    "fields": {
      "public_id": "e95e3b2c-3ee4-46ec-8749-25d072839df8",
      "created": "2023-12-13T10:41:20.405Z",
      "updated": "2023-12-13T10:41:20.405Z",
      "etablissement": 23,
      "name": "Gynécologie-Obstétricale"
    }
  },
  {
    "model": "main_etablissement.service",
    "pk": 15,
    "fields": {
      "public_id": "2d44b150-519e-4afc-a764-3358815c9525",
      "created": "2023-12-13T10:41:37.965Z",
      "updated": "2023-12-13T10:41:37.965Z",
      "etablissement": 23,
      "name": "Pédiatrie"
    }
  },
  {
    "model": "main_etablissement.service",
    "pk": 16,
    "fields": {
      "public_id": "49b3119a-0c1d-4226-bb88-4e635dbe50e8",
      "created": "2023-12-13T10:41:51.318Z",
      "updated": "2023-12-13T10:41:51.318Z",
      "etablissement": 23,
      "name": "ATU"
    }
  },
  {
    "model": "main_etablissement.service",
    "pk": 17,
    "fields": {
      "public_id": "08737995-0715-4c78-8d52-6f1428289018",
      "created": "2023-12-13T10:42:04.299Z",
      "updated": "2023-12-13T10:42:04.299Z",
      "etablissement": 23,
      "name": "Réanimation"
    }
  },
  {
    "model": "main_etablissement.service",
    "pk": 18,
    "fields": {
      "public_id": "65c5a117-1ceb-41b1-a97a-e2716bbaa7b7",
      "created": "2023-12-13T10:56:13.048Z",
      "updated": "2023-12-13T10:56:13.048Z",
      "etablissement": 4,
      "name": "Laboratoire"
    }
  },
  {
    "model": "main_etablissement.service",
    "pk": 19,
    "fields": {
      "public_id": "b78cd9e0-670a-40a6-9d1f-e863b55d3360",
      "created": "2023-12-13T10:56:22.095Z",
      "updated": "2023-12-13T10:56:22.095Z",
      "etablissement": 4,
      "name": "Imagerie"
    }
  },
  {
    "model": "main_etablissement.service",
    "pk": 20,
    "fields": {
      "public_id": "f032ccaa-ac53-4986-a84b-2d8aa7baeb8f",
      "created": "2023-12-13T10:58:35.798Z",
      "updated": "2023-12-13T10:58:35.798Z",
      "etablissement": 4,
      "name": "Pneumo-Phtisiologie"
    }
  },
  {
    "model": "main_etablissement.service",
    "pk": 21,
    "fields": {
      "public_id": "7b07bdd6-55c1-483d-98ee-3878faeeb100",
      "created": "2023-12-13T11:00:23.472Z",
      "updated": "2023-12-13T11:00:23.472Z",
      "etablissement": 4,
      "name": "Cardiologie"
    }
  },
  {
    "model": "main_etablissement.service",
    "pk": 22,
    "fields": {
      "public_id": "2d700895-ab37-4963-a07c-a792c6cc098d",
      "created": "2023-12-13T11:03:20.176Z",
      "updated": "2023-12-13T11:03:20.176Z",
      "etablissement": 9,
      "name": "ATU"
    }
  },
  {
    "model": "main_etablissement.service",
    "pk": 23,
    "fields": {
      "public_id": "45d5b7b0-f9bb-4571-9a25-ea59fa3220c1",
      "created": "2023-12-13T11:03:50.089Z",
      "updated": "2023-12-13T11:03:50.089Z",
      "etablissement": 9,
      "name": "Chirurgie"
    }
  },
  {
    "model": "main_etablissement.service",
    "pk": 24,
    "fields": {
      "public_id": "f1e9c9c2-470e-4b30-a5c8-1712fb0c783b",
      "created": "2023-12-13T11:04:00.317Z",
      "updated": "2023-12-13T11:04:00.317Z",
      "etablissement": 9,
      "name": "Bloc Opératoire"
    }
  },
  {
    "model": "main_etablissement.service",
    "pk": 25,
    "fields": {
      "public_id": "d6796475-ae83-4c48-a7c4-3f37bca74ea8",
      "created": "2023-12-13T11:04:16.053Z",
      "updated": "2023-12-13T11:04:16.053Z",
      "etablissement": 9,
      "name": "Neurochirurgie"
    }
  },
  {
    "model": "main_etablissement.service",
    "pk": 26,
    "fields": {
      "public_id": "75147e55-1d73-4107-9fae-0be55ac86cc6",
      "created": "2023-12-13T11:04:28.762Z",
      "updated": "2023-12-13T11:04:28.762Z",
      "etablissement": 9,
      "name": "Traumatologie"
    }
  },
  {
    "model": "main_etablissement.service",
    "pk": 27,
    "fields": {
      "public_id": "aeb02d01-7141-4906-a1f7-737e8d15155f",
      "created": "2023-12-13T11:04:40.002Z",
      "updated": "2023-12-13T11:04:40.002Z",
      "etablissement": 9,
      "name": "Oncologie"
    }
  },
  {
    "model": "main_etablissement.service",
    "pk": 28,
    "fields": {
      "public_id": "fcb14671-f321-4f8e-9927-1654ebe8ee4f",
      "created": "2023-12-13T11:05:18.650Z",
      "updated": "2023-12-13T11:05:18.650Z",
      "etablissement": 9,
      "name": "Laboratoire"
    }
  },
  {
    "model": "main_etablissement.service",
    "pk": 29,
    "fields": {
      "public_id": "3d335b20-e88e-499c-9abd-2f8bc52f7054",
      "created": "2023-12-13T11:05:29.846Z",
      "updated": "2023-12-13T11:05:29.846Z",
      "etablissement": 9,
      "name": "Imagerie"
    }
  },
  {
    "model": "main_etablissement.service",
    "pk": 30,
    "fields": {
      "public_id": "165674bd-9840-43b4-8e0f-9bbcd91b22c7",
      "created": "2023-12-13T11:07:03.311Z",
      "updated": "2023-12-13T11:07:03.311Z",
      "etablissement": 11,
      "name": "ATU"
    }
  },
  {
    "model": "main_etablissement.service",
    "pk": 31,
    "fields": {
      "public_id": "102048a0-2ede-4758-a0ef-7296c8f44599",
      "created": "2023-12-13T11:07:11.830Z",
      "updated": "2023-12-13T11:07:11.830Z",
      "etablissement": 11,
      "name": "Réanimation"
    }
  },
  {
    "model": "main_etablissement.service",
    "pk": 32,
    "fields": {
      "public_id": "405291b5-ab8d-4884-af01-c9d4f9b788bd",
      "created": "2023-12-13T11:07:22.775Z",
      "updated": "2023-12-13T11:07:22.775Z",
      "etablissement": 11,
      "name": "Médecine"
    }
  },
  {
    "model": "main_etablissement.service",
    "pk": 33,
    "fields": {
      "public_id": "deed6f29-5eca-4088-9f67-84358b105640",
      "created": "2023-12-13T11:07:37.846Z",
      "updated": "2023-12-13T11:07:37.846Z",
      "etablissement": 11,
      "name": "Pédiatrie"
    }
  },
  {
    "model": "main_etablissement.service",
    "pk": 34,
    "fields": {
      "public_id": "71fd9ed8-fe1a-4370-aa1a-90ae58f699c6",
      "created": "2023-12-13T11:07:47.942Z",
      "updated": "2023-12-13T11:07:47.942Z",
      "etablissement": 11,
      "name": "Bloc Opératoire"
    }
  },
  {
    "model": "main_etablissement.service",
    "pk": 35,
    "fields": {
      "public_id": "6eb61ba3-2ee2-4287-8876-549bd3e0f81e",
      "created": "2023-12-14T05:19:35.837Z",
      "updated": "2023-12-14T05:19:35.837Z",
      "etablissement": 14,
      "name": "ATU"
    }
  },
  {
    "model": "main_etablissement.service",
    "pk": 36,
    "fields": {
      "public_id": "458f3257-0248-4b03-ab01-cbab73ec6c35",
      "created": "2023-12-14T05:20:51.650Z",
      "updated": "2023-12-14T05:20:51.650Z",
      "etablissement": 14,
      "name": "Réanimation pédiatrique"
    }
  },
  {
    "model": "main_etablissement.service",
    "pk": 37,
    "fields": {
      "public_id": "c3533983-0aa2-44ec-a2cf-5f5210070455",
      "created": "2023-12-14T05:21:09.385Z",
      "updated": "2023-12-14T05:21:09.385Z",
      "etablissement": 14,
      "name": "Réanimation néonatale"
    }
  },
  {
    "model": "main_etablissement.service",
    "pk": 38,
    "fields": {
      "public_id": "cab7e37f-fcd3-4004-8164-3a57ac16d3ab",
      "created": "2023-12-14T05:21:23.643Z",
      "updated": "2023-12-14T05:21:23.643Z",
      "etablissement": 14,
      "name": "Néonatalogie"
    }
  },
  {
    "model": "main_etablissement.service",
    "pk": 39,
    "fields": {
      "public_id": "a3f7061f-2688-4acf-a110-7b9526c2fb35",
      "created": "2023-12-14T05:21:35.832Z",
      "updated": "2023-12-14T05:21:35.832Z",
      "etablissement": 14,
      "name": "Pneumologie"
    }
  },
  {
    "model": "main_etablissement.service",
    "pk": 40,
    "fields": {
      "public_id": "da9e3038-6376-41b8-b2da-43ebfda68cb4",
      "created": "2023-12-14T05:21:56.460Z",
      "updated": "2023-12-14T05:21:56.460Z",
      "etablissement": 14,
      "name": "Phtisiologie"
    }
  },
  {
    "model": "main_etablissement.service",
    "pk": 41,
    "fields": {
      "public_id": "b179876a-ae63-4317-a605-9424f783910a",
      "created": "2023-12-14T05:22:17.128Z",
      "updated": "2023-12-14T05:22:17.128Z",
      "etablissement": 14,
      "name": "Pédiatrie"
    }
  },
  {
    "model": "main_etablissement.service",
    "pk": 42,
    "fields": {
      "public_id": "6554b675-d644-41c0-8837-84ec9fb8a376",
      "created": "2023-12-14T05:22:30.264Z",
      "updated": "2023-12-14T05:22:30.264Z",
      "etablissement": 14,
      "name": "Neurologie"
    }
  },
  {
    "model": "main_etablissement.service",
    "pk": 43,
    "fields": {
      "public_id": "e28d9e20-ecec-473c-9241-d04e80fc3c50",
      "created": "2023-12-14T05:22:46.481Z",
      "updated": "2023-12-14T05:22:46.481Z",
      "etablissement": 14,
      "name": "Gastro-entérologie"
    }
  },
  {
    "model": "main_etablissement.service",
    "pk": 44,
    "fields": {
      "public_id": "dce6f1c9-d15b-4f88-9ebf-d0f166b4107a",
      "created": "2023-12-14T05:22:56.842Z",
      "updated": "2023-12-14T05:22:56.842Z",
      "etablissement": 14,
      "name": "CRENI"
    }
  },
  {
    "model": "main_etablissement.service",
    "pk": 45,
    "fields": {
      "public_id": "11a60456-9954-48b9-bd13-b36a56594655",
      "created": "2023-12-14T05:23:15.458Z",
      "updated": "2023-12-14T05:23:15.458Z",
      "etablissement": 14,
      "name": "Laboratoire polyvalent"
    }
  },
  {
    "model": "main_etablissement.service",
    "pk": 46,
    "fields": {
      "public_id": "e8fdcab7-585a-419d-9d6d-b38d23e574c9",
      "created": "2023-12-14T05:23:35.823Z",
      "updated": "2023-12-14T05:23:35.823Z",
      "etablissement": 14,
      "name": "Laboratoire de microbiologie"
    }
  },
  {
    "model": "main_etablissement.service",
    "pk": 47,
    "fields": {
      "public_id": "6f7b5066-55c8-4338-b57b-6d6507803689",
      "created": "2023-12-14T05:23:59.825Z",
      "updated": "2023-12-14T05:23:59.825Z",
      "etablissement": 14,
      "name": "Imagerie et Exploration"
    }
  },
  {
    "model": "main_etablissement.service",
    "pk": 48,
    "fields": {
      "public_id": "3d9cd3ff-bd2a-4513-88cc-14fba71cfe47",
      "created": "2023-12-14T05:43:10.554Z",
      "updated": "2023-12-14T05:43:10.554Z",
      "etablissement": 5,
      "name": "Psychiatrie"
    }
  },
  {
    "model": "main_etablissement.service",
    "pk": 49,
    "fields": {
      "public_id": "bfba18df-181e-4d4a-b928-edd08cbc7ba4",
      "created": "2023-12-14T05:43:40.513Z",
      "updated": "2023-12-14T05:43:40.513Z",
      "etablissement": 5,
      "name": "Gynécologie-Obstétricale"
    }
  },
  {
    "model": "main_etablissement.service",
    "pk": 50,
    "fields": {
      "public_id": "2922e032-7bf3-449c-a7a2-f20fbd3c9fb7",
      "created": "2023-12-14T05:44:04.676Z",
      "updated": "2023-12-14T05:44:04.676Z",
      "etablissement": 5,
      "name": "Maladies infectieuses"
    }
  },
  {
    "model": "main_etablissement.service",
    "pk": 51,
    "fields": {
      "public_id": "0bccd4d6-8bb5-40a6-8ff2-d81fed240c86",
      "created": "2023-12-14T05:44:24.603Z",
      "updated": "2023-12-14T05:44:24.603Z",
      "etablissement": 5,
      "name": "Pneumologie"
    }
  },
  {
    "model": "main_etablissement.service",
    "pk": 52,
    "fields": {
      "public_id": "72d7d2e3-ccca-43e2-9227-fe4512914627",
      "created": "2023-12-14T05:44:57.281Z",
      "updated": "2023-12-14T05:44:57.281Z",
      "etablissement": 5,
      "name": "Oncologie"
    }
  },
  {
    "model": "main_etablissement.service",
    "pk": 53,
    "fields": {
      "public_id": "663be8ac-3f8b-4902-b5f8-be5a889220de",
      "created": "2023-12-14T05:45:16.403Z",
      "updated": "2023-12-14T05:45:16.403Z",
      "etablissement": 5,
      "name": "Médecine interne"
    }
  },
  {
    "model": "main_etablissement.service",
    "pk": 54,
    "fields": {
      "public_id": "53887052-242c-4dda-b014-964a601dfe78",
      "created": "2023-12-14T05:45:29.717Z",
      "updated": "2023-12-14T05:45:29.717Z",
      "etablissement": 5,
      "name": "Néonatalogie"
    }
  },
  {
    "model": "main_etablissement.service",
    "pk": 55,
    "fields": {
      "public_id": "e74c15a3-44e2-42fb-878c-40abcdf7d219",
      "created": "2023-12-14T05:45:46.894Z",
      "updated": "2023-12-14T05:45:46.895Z",
      "etablissement": 5,
      "name": "Maternité"
    }
  },
  {
    "model": "main_etablissement.service",
    "pk": 56,
    "fields": {
      "public_id": "809e6166-107d-4f09-a413-cc9ce2b97470",
      "created": "2023-12-14T05:45:59.663Z",
      "updated": "2023-12-14T05:45:59.663Z",
      "etablissement": 5,
      "name": "Laboratoire"
    }
  },
  {
    "model": "main_etablissement.service",
    "pk": 57,
    "fields": {
      "public_id": "8734947a-bfb6-448f-aa60-210f121a9bc4",
      "created": "2023-12-14T05:46:15.857Z",
      "updated": "2023-12-14T05:46:15.857Z",
      "etablissement": 5,
      "name": "Imagerie"
    }
  },
  {
    "model": "main_etablissement.service",
    "pk": 58,
    "fields": {
      "public_id": "80b16303-ea79-494c-a702-973288b94f66",
      "created": "2023-12-14T05:46:26.742Z",
      "updated": "2023-12-14T05:46:26.742Z",
      "etablissement": 5,
      "name": "Cardiologie"
    }
  },
  {
    "model": "main_etablissement.service",
    "pk": 59,
    "fields": {
      "public_id": "7b85de4d-3754-4c36-861a-a098b45c78b7",
      "created": "2023-12-14T05:46:51.214Z",
      "updated": "2023-12-14T05:46:51.214Z",
      "etablissement": 5,
      "name": "Pédiatrie"
    }
  },
  {
    "model": "main_etablissement.service",
    "pk": 60,
    "fields": {
      "public_id": "b3ff70b7-fde9-455d-ba45-b91505bc959b",
      "created": "2023-12-14T05:47:05.961Z",
      "updated": "2023-12-14T05:47:05.961Z",
      "etablissement": 5,
      "name": "Ophtalmologie"
    }
  },
  {
    "model": "main_etablissement.service",
    "pk": 61,
    "fields": {
      "public_id": "ae0c6ce0-79bd-457b-b423-8985b9edfe22",
      "created": "2023-12-14T05:47:14.593Z",
      "updated": "2023-12-14T05:47:14.593Z",
      "etablissement": 5,
      "name": "ATU"
    }
  },
  {
    "model": "main_etablissement.service",
    "pk": 62,
    "fields": {
      "public_id": "1dc4f086-d0d7-48f5-81f0-7f5b2686accb",
      "created": "2023-12-14T05:48:10.116Z",
      "updated": "2023-12-14T05:48:10.116Z",
      "etablissement": 5,
      "name": "Chirurgie viscérale"
    }
  },
  {
    "model": "main_etablissement.service",
    "pk": 63,
    "fields": {
      "public_id": "aa9d6ed4-dd04-42c9-ad6b-f98f90e35900",
      "created": "2023-12-14T05:49:43.299Z",
      "updated": "2023-12-14T05:49:43.299Z",
      "etablissement": 5,
      "name": "Chirurgie en traumatologie"
    }
  },
  {
    "model": "main_etablissement.service",
    "pk": 64,
    "fields": {
      "public_id": "2bfa64a6-ae52-4608-aa07-2f5861d026ce",
      "created": "2023-12-14T05:50:01.338Z",
      "updated": "2023-12-14T05:50:01.338Z",
      "etablissement": 5,
      "name": "ORL"
    }
  },
  {
    "model": "main_etablissement.service",
    "pk": 65,
    "fields": {
      "public_id": "b20230b2-b814-49a9-84a9-0de5df36b1c7",
      "created": "2023-12-14T05:50:14.451Z",
      "updated": "2023-12-14T05:50:14.451Z",
      "etablissement": 5,
      "name": "Neurochirurgie"
    }
  },
  {
    "model": "main_etablissement.service",
    "pk": 66,
    "fields": {
      "public_id": "7040b1ac-da24-446a-94b3-99e7953fcec1",
      "created": "2023-12-14T05:50:26.732Z",
      "updated": "2023-12-14T05:50:26.732Z",
      "etablissement": 5,
      "name": "Réanimation"
    }
  },
  {
    "model": "main_etablissement.service",
    "pk": 67,
    "fields": {
      "public_id": "aedfe7f6-2258-4f8f-b603-6c6249219a57",
      "created": "2023-12-14T05:50:39.009Z",
      "updated": "2023-12-14T05:50:39.009Z",
      "etablissement": 5,
      "name": "Bloc Opératoire"
    }
  },
  {
    "model": "main_etablissement.service",
    "pk": 68,
    "fields": {
      "public_id": "4b58bc89-d7e8-4440-ab52-18783ef16871",
      "created": "2023-12-14T05:50:52.687Z",
      "updated": "2023-12-14T05:50:52.687Z",
      "etablissement": 5,
      "name": "CRTS"
    }
  },
  {
    "model": "main_etablissement.service",
    "pk": 69,
    "fields": {
      "public_id": "1ed8169d-1b1a-4c09-bd23-100b17a42969",
      "created": "2023-12-14T05:51:18.070Z",
      "updated": "2023-12-14T05:51:18.070Z",
      "etablissement": 5,
      "name": "Médecine préventive"
    }
  },
  {
    "model": "main_etablissement.service",
    "pk": 70,
    "fields": {
      "public_id": "df2dcc6e-957e-4d3a-9ce7-f18f528eab45",
      "created": "2023-12-14T06:00:23.312Z",
      "updated": "2023-12-14T06:00:23.312Z",
      "etablissement": 11,
      "name": "Chirurgie"
    }
  },
  {
    "model": "main_etablissement.service",
    "pk": 71,
    "fields": {
      "public_id": "aaf5e63c-8bb1-4aa5-bc02-48298a4b04a9",
      "created": "2023-12-14T06:00:47.071Z",
      "updated": "2023-12-14T06:00:47.071Z",
      "etablissement": 11,
      "name": "Consultation Externe"
    }
  },
  {
    "model": "main_etablissement.service",
    "pk": 72,
    "fields": {
      "public_id": "6e01cb50-a375-489b-a34f-41d8c40a0be8",
      "created": "2023-12-14T06:03:45.825Z",
      "updated": "2023-12-14T06:03:45.825Z",
      "etablissement": 17,
      "name": "Chirurgie maxillo-faciale"
    }
  },
  {
    "model": "main_etablissement.service",
    "pk": 73,
    "fields": {
      "public_id": "42be5e75-062f-4b47-b7e5-73516e44fc70",
      "created": "2023-12-14T06:03:59.510Z",
      "updated": "2023-12-14T06:03:59.510Z",
      "etablissement": 17,
      "name": "Chirurgie pédiatrique"
    }
  },
  {
    "model": "main_etablissement.service",
    "pk": 74,
    "fields": {
      "public_id": "ccf3bf71-719d-4b69-8b34-ef303ce4cdfd",
      "created": "2023-12-14T06:04:12.935Z",
      "updated": "2023-12-14T06:04:12.935Z",
      "etablissement": 17,
      "name": "Oncologie pédiatrique"
    }
  },
  {
    "model": "main_etablissement.service",
    "pk": 75,
    "fields": {
      "public_id": "1bc49bd5-634d-4eef-b889-90cf41e05caf",
      "created": "2023-12-14T06:04:44.963Z",
      "updated": "2023-12-14T06:04:44.963Z",
      "etablissement": 17,
      "name": "Anesthésie-Réanimation"
    }
  },
  {
    "model": "main_etablissement.service",
    "pk": 76,
    "fields": {
      "public_id": "f80ea0a2-cb70-468e-8609-276800720881",
      "created": "2023-12-14T06:05:16.695Z",
      "updated": "2023-12-14T06:05:16.695Z",
      "etablissement": 17,
      "name": "Rééducation fonctionnelle"
    }
  },
  {
    "model": "main_etablissement.service",
    "pk": 77,
    "fields": {
      "public_id": "6d1bc70a-0bbb-40b5-a93e-e41a2808d041",
      "created": "2023-12-14T06:05:39.255Z",
      "updated": "2023-12-14T06:05:39.255Z",
      "etablissement": 17,
      "name": "Stomatologie – Maxillo facial"
    }
  },
  {
    "model": "main_etablissement.service",
    "pk": 78,
    "fields": {
      "public_id": "bcbc4e97-b2fb-482a-8582-b5d684a6579e",
      "created": "2023-12-14T06:08:02.676Z",
      "updated": "2023-12-14T06:08:02.676Z",
      "etablissement": 21,
      "name": "ATU"
    }
  },
  {
    "model": "main_etablissement.service",
    "pk": 79,
    "fields": {
      "public_id": "0e2e8011-838d-416f-aca6-922bbe2bcd85",
      "created": "2023-12-14T06:08:53.099Z",
      "updated": "2023-12-14T06:08:53.099Z",
      "etablissement": 21,
      "name": "Psychiatrie"
    }
  },
  {
    "model": "main_etablissement.service",
    "pk": 80,
    "fields": {
      "public_id": "84bc6bc3-f49d-4eb1-8056-c44472ee290f",
      "created": "2023-12-14T06:12:15.656Z",
      "updated": "2023-12-14T06:12:15.656Z",
      "etablissement": 6,
      "name": "ATU"
    }
  },
  {
    "model": "main_etablissement.service",
    "pk": 81,
    "fields": {
      "public_id": "078e27dc-8b35-4503-b2be-c77b52d071cb",
      "created": "2023-12-14T06:12:28.199Z",
      "updated": "2023-12-14T06:12:28.199Z",
      "etablissement": 6,
      "name": "Médecine interne"
    }
  },
  {
    "model": "main_etablissement.service",
    "pk": 82,
    "fields": {
      "public_id": "8e0bcc05-5fe9-4095-8835-23d13bb6a27f",
      "created": "2023-12-14T06:12:38.700Z",
      "updated": "2023-12-14T06:12:38.700Z",
      "etablissement": 6,
      "name": "Cardiologie"
    }
  },
  {
    "model": "main_etablissement.service",
    "pk": 83,
    "fields": {
      "public_id": "7739abda-1df6-4bd0-8838-5da37405523c",
      "created": "2023-12-14T06:12:56.363Z",
      "updated": "2023-12-14T06:12:56.363Z",
      "etablissement": 6,
      "name": "Hépato-gastro-entérologie"
    }
  },
  {
    "model": "main_etablissement.service",
    "pk": 84,
    "fields": {
      "public_id": "21ba5b15-17c4-40be-ae18-b24b36c39287",
      "created": "2023-12-14T06:13:07.177Z",
      "updated": "2023-12-14T06:13:23.890Z",
      "etablissement": 6,
      "name": "Dermatologie"
    }
  },
  {
    "model": "main_etablissement.service",
    "pk": 85,
    "fields": {
      "public_id": "9eec3f30-bbbd-451f-afb9-83363a7fb4e9",
      "created": "2023-12-14T06:13:41.981Z",
      "updated": "2023-12-14T06:13:41.981Z",
      "etablissement": 6,
      "name": "Maternité"
    }
  },
  {
    "model": "main_etablissement.service",
    "pk": 86,
    "fields": {
      "public_id": "d8cb8075-11b2-49f5-8083-c238c5fea55b",
      "created": "2023-12-14T06:13:53.827Z",
      "updated": "2023-12-14T06:13:53.827Z",
      "etablissement": 6,
      "name": "Stomatologie"
    }
  },
  {
    "model": "main_etablissement.service",
    "pk": 87,
    "fields": {
      "public_id": "b1d1c367-99ab-431e-8b9e-94aa3ee2eaa7",
      "created": "2023-12-14T06:14:22.490Z",
      "updated": "2023-12-14T06:14:22.490Z",
      "etablissement": 6,
      "name": "Laboratoire"
    }
  },
  {
    "model": "main_etablissement.service",
    "pk": 88,
    "fields": {
      "public_id": "363fd5cc-6b84-457d-ad0e-1c39f1ae852b",
      "created": "2023-12-14T06:14:35.058Z",
      "updated": "2023-12-14T06:14:35.058Z",
      "etablissement": 6,
      "name": "Imagerie"
    }
  },
  {
    "model": "main_etablissement.service",
    "pk": 89,
    "fields": {
      "public_id": "f3cf114d-2a39-489a-b901-8bb7c43a5831",
      "created": "2023-12-14T06:15:07.131Z",
      "updated": "2023-12-14T06:15:07.131Z",
      "etablissement": 18,
      "name": "ATU"
    }
  },
  {
    "model": "main_etablissement.service",
    "pk": 90,
    "fields": {
      "public_id": "ac8c2444-1847-43c5-9dba-f03163a0ce20",
      "created": "2023-12-14T06:15:23.387Z",
      "updated": "2023-12-14T06:15:23.387Z",
      "etablissement": 18,
      "name": "Réanimation médicale"
    }
  },
  {
    "model": "main_etablissement.service",
    "pk": 91,
    "fields": {
      "public_id": "1148bfb5-5c7e-4717-ab31-57866d51bee5",
      "created": "2023-12-14T06:15:39.833Z",
      "updated": "2023-12-14T06:15:39.833Z",
      "etablissement": 18,
      "name": "Médecine interne"
    }
  },
  {
    "model": "main_etablissement.service",
    "pk": 92,
    "fields": {
      "public_id": "62f3587a-b35d-4b65-a1b9-d65d80072029",
      "created": "2023-12-14T06:15:51.687Z",
      "updated": "2023-12-14T06:15:51.687Z",
      "etablissement": 18,
      "name": "Maladies infectieuses"
    }
  },
  {
    "model": "main_etablissement.service",
    "pk": 93,
    "fields": {
      "public_id": "a1098a1d-1369-4ef2-8dcc-fccdfc8f0a80",
      "created": "2023-12-14T06:16:10.250Z",
      "updated": "2023-12-14T06:16:10.250Z",
      "etablissement": 18,
      "name": "Neurologie"
    }
  },
  {
    "model": "main_etablissement.service",
    "pk": 94,
    "fields": {
      "public_id": "c86fcada-5d85-4584-acfb-6d4f3db1dd1e",
      "created": "2023-12-14T06:16:18.306Z",
      "updated": "2023-12-14T06:16:18.306Z",
      "etablissement": 18,
      "name": "Cardiologie"
    }
  },
  {
    "model": "main_etablissement.service",
    "pk": 95,
    "fields": {
      "public_id": "c3e0189f-91b2-4bfe-b491-0cd102a88602",
      "created": "2023-12-14T06:16:37.728Z",
      "updated": "2023-12-14T06:16:37.728Z",
      "etablissement": 18,
      "name": "Psychiatrie"
    }
  },
  {
    "model": "main_etablissement.service",
    "pk": 96,
    "fields": {
      "public_id": "0ad4a70d-1cac-49d1-97b5-6816091c51ea",
      "created": "2023-12-14T06:16:47.448Z",
      "updated": "2023-12-14T06:16:47.448Z",
      "etablissement": 18,
      "name": "ORL"
    }
  },
  {
    "model": "main_etablissement.service",
    "pk": 97,
    "fields": {
      "public_id": "1425ede8-07a4-461a-9eb8-ebffa0d04167",
      "created": "2023-12-14T06:16:56.260Z",
      "updated": "2023-12-14T06:16:56.260Z",
      "etablissement": 18,
      "name": "Ophtalmologie"
    }
  },
  {
    "model": "main_etablissement.service",
    "pk": 98,
    "fields": {
      "public_id": "2da541bb-8d31-463b-9f0c-e1e908e7901c",
      "created": "2023-12-14T06:17:19.061Z",
      "updated": "2023-12-14T06:17:19.061Z",
      "etablissement": 18,
      "name": "Appareillage et rééducation"
    }
  },
  {
    "model": "main_etablissement.service",
    "pk": 99,
    "fields": {
      "public_id": "c0a7a679-77e1-4eb9-bf75-6d2f426b9d0f",
      "created": "2023-12-14T06:17:35.040Z",
      "updated": "2023-12-14T06:17:35.040Z",
      "etablissement": 18,
      "name": "Imagerie médicale"
    }
  },
  {
    "model": "main_etablissement.service",
    "pk": 100,
    "fields": {
      "public_id": "f552eb8e-2687-427f-97fd-2f2c78e4d7ca",
      "created": "2023-12-14T06:18:09.656Z",
      "updated": "2023-12-14T06:18:09.656Z",
      "etablissement": 18,
      "name": "Laboratoire"
    }
  },
  {
    "model": "main_etablissement.service",
    "pk": 101,
    "fields": {
      "public_id": "390e66db-5e3c-4b32-bd50-e78f2cc337ee",
      "created": "2023-12-14T06:18:20.199Z",
      "updated": "2023-12-14T06:18:20.199Z",
      "etablissement": 18,
      "name": "CRTS"
    }
  },
  {
    "model": "main_etablissement.service",
    "pk": 102,
    "fields": {
      "public_id": "e472d5ca-6b67-4c32-9716-d305861f57c0",
      "created": "2023-12-14T06:19:02.433Z",
      "updated": "2023-12-14T06:19:02.433Z",
      "etablissement": 18,
      "name": "CRPC"
    }
  },
  {
    "model": "main_etablissement.service",
    "pk": 103,
    "fields": {
      "public_id": "4d967287-5776-4c7c-be0c-1794bf3dabc7",
      "created": "2023-12-14T06:19:28.438Z",
      "updated": "2023-12-14T06:19:28.438Z",
      "etablissement": 18,
      "name": "Bloc Opératoire"
    }
  },
  {
    "model": "main_etablissement.service",
    "pk": 104,
    "fields": {
      "public_id": "292227cf-ffce-4394-831c-cb08be7a22a2",
      "created": "2023-12-14T06:19:43.673Z",
      "updated": "2023-12-14T06:19:43.673Z",
      "etablissement": 18,
      "name": "Gynécologie-Obstétricale"
    }
  },
  {
    "model": "main_etablissement.service",
    "pk": 105,
    "fields": {
      "public_id": "6e40ef34-a9a5-4def-9c8e-f68eeeb1e90c",
      "created": "2023-12-14T06:19:54.443Z",
      "updated": "2023-12-14T06:19:54.443Z",
      "etablissement": 18,
      "name": "Pédiatrie"
    }
  },
  {
    "model": "main_etablissement.service",
    "pk": 106,
    "fields": {
      "public_id": "03d7bd0b-09b0-4f6e-8268-3086b04b253d",
      "created": "2023-12-14T06:25:25.128Z",
      "updated": "2023-12-14T06:25:25.128Z",
      "etablissement": 7,
      "name": "ATU"
    }
  },
  {
    "model": "main_etablissement.service",
    "pk": 107,
    "fields": {
      "public_id": "6dd89915-006e-4e1a-b966-687e52085a84",
      "created": "2023-12-14T06:25:38.230Z",
      "updated": "2023-12-14T06:25:38.230Z",
      "etablissement": 7,
      "name": "Maternité"
    }
  },
  {
    "model": "main_etablissement.service",
    "pk": 108,
    "fields": {
      "public_id": "421316c5-5bf1-406c-8a9a-8c8b9dc03544",
      "created": "2023-12-14T06:25:48.342Z",
      "updated": "2023-12-14T06:25:48.342Z",
      "etablissement": 7,
      "name": "Pédiatrie"
    }
  },
  {
    "model": "main_etablissement.service",
    "pk": 109,
    "fields": {
      "public_id": "db403940-e8ec-4bdb-905f-9e9f2136e323",
      "created": "2023-12-14T06:25:58.596Z",
      "updated": "2023-12-14T06:25:58.596Z",
      "etablissement": 7,
      "name": "Médecine interne"
    }
  },
  {
    "model": "main_etablissement.service",
    "pk": 110,
    "fields": {
      "public_id": "9cd8a33b-9778-4ef4-878a-a4ae005fdf4a",
      "created": "2023-12-14T06:26:16.380Z",
      "updated": "2023-12-14T06:26:16.380Z",
      "etablissement": 7,
      "name": "Chirurgie"
    }
  },
  {
    "model": "main_etablissement.service",
    "pk": 111,
    "fields": {
      "public_id": "47e53ec6-7bf7-4556-9c4c-9b08da5a3d8d",
      "created": "2023-12-14T06:26:28.078Z",
      "updated": "2023-12-14T06:26:28.078Z",
      "etablissement": 7,
      "name": "Réanimation"
    }
  },
  {
    "model": "main_etablissement.service",
    "pk": 112,
    "fields": {
      "public_id": "9b1c0d8c-e582-42cf-9ae6-5d1fe2d38b4d",
      "created": "2023-12-14T06:26:51.130Z",
      "updated": "2023-12-14T06:26:51.130Z",
      "etablissement": 7,
      "name": "Imagerie"
    }
  },
  {
    "model": "main_etablissement.service",
    "pk": 113,
    "fields": {
      "public_id": "65035826-00af-4f68-a47a-ef330a97762e",
      "created": "2023-12-14T06:27:03.482Z",
      "updated": "2023-12-14T06:27:03.482Z",
      "etablissement": 7,
      "name": "Laboratoire"
    }
  },
  {
    "model": "main_etablissement.service",
    "pk": 114,
    "fields": {
      "public_id": "99b195e9-7675-496c-b447-b3d5112d1e28",
      "created": "2023-12-14T06:27:30.624Z",
      "updated": "2023-12-14T06:27:30.624Z",
      "etablissement": 7,
      "name": "Bloc Opératoire"
    }
  },
  {
    "model": "main_etablissement.service",
    "pk": 115,
    "fields": {
      "public_id": "472e1050-d876-4a6a-aca4-d6c2a0df7ee0",
      "created": "2023-12-14T06:27:41.299Z",
      "updated": "2023-12-14T06:27:41.299Z",
      "etablissement": 7,
      "name": "Pharmacie"
    }
  },
  {
    "model": "main_etablissement.service",
    "pk": 116,
    "fields": {
      "public_id": "55648630-f7a4-4d30-9932-c01edfacd19d",
      "created": "2023-12-14T06:27:51.746Z",
      "updated": "2023-12-14T06:27:51.746Z",
      "etablissement": 7,
      "name": "Dentisterie"
    }
  },
  {
    "model": "main_etablissement.service",
    "pk": 117,
    "fields": {
      "public_id": "b1bf1373-e507-44b2-8264-f8136121d608",
      "created": "2023-12-14T06:29:01.613Z",
      "updated": "2023-12-14T06:29:01.613Z",
      "etablissement": 22,
      "name": "Rhumatologie"
    }
  },
  {
    "model": "main_etablissement.service",
    "pk": 118,
    "fields": {
      "public_id": "7cb8f3b8-ac23-4c35-9344-157e11d4aacd",
      "created": "2023-12-14T06:29:10.388Z",
      "updated": "2023-12-14T06:29:10.388Z",
      "etablissement": 22,
      "name": "Dermatologie"
    }
  },
  {
    "model": "main_etablissement.service",
    "pk": 119,
    "fields": {
      "public_id": "985f4347-85bb-4502-92fc-e19e0a3c52d0",
      "created": "2023-12-14T06:29:23.480Z",
      "updated": "2023-12-14T06:29:23.480Z",
      "etablissement": 22,
      "name": "Gastro-entérologie"
    }
  },
  {
    "model": "main_etablissement.service",
    "pk": 120,
    "fields": {
      "public_id": "b1e7b546-2585-4eca-ada6-1667d8cacc06",
      "created": "2023-12-14T06:29:38.041Z",
      "updated": "2023-12-14T06:29:38.041Z",
      "etablissement": 22,
      "name": "Nephrologie"
    }
  },
  {
    "model": "main_etablissement.service",
    "pk": 121,
    "fields": {
      "public_id": "439f6bb2-1cdb-446e-a242-0cf717e4dc65",
      "created": "2023-12-14T06:32:00.858Z",
      "updated": "2023-12-14T06:32:00.858Z",
      "etablissement": 22,
      "name": "Cardiologie"
    }
  },
  {
    "model": "main_etablissement.service",
    "pk": 122,
    "fields": {
      "public_id": "2b9ea07d-d804-4aec-8d1c-486dc926cea0",
      "created": "2023-12-14T06:32:17.469Z",
      "updated": "2023-12-14T06:32:17.469Z",
      "etablissement": 22,
      "name": "Psychiatrie"
    }
  },
  {
    "model": "main_etablissement.service",
    "pk": 123,
    "fields": {
      "public_id": "4d5c6664-bca4-46c6-8781-15f6b2ebe950",
      "created": "2023-12-14T06:32:35.255Z",
      "updated": "2023-12-14T06:32:35.255Z",
      "etablissement": 22,
      "name": "Maladies infectieuses"
    }
  },
  {
    "model": "main_etablissement.service",
    "pk": 124,
    "fields": {
      "public_id": "238e13fa-9d2f-4a61-9366-3fddbbe5703c",
      "created": "2023-12-14T06:32:46.746Z",
      "updated": "2023-12-14T06:32:46.746Z",
      "etablissement": 22,
      "name": "Endocrinologie"
    }
  },
  {
    "model": "main_etablissement.service",
    "pk": 125,
    "fields": {
      "public_id": "e05bf6a0-c003-40d7-a16f-1e4b0bdf155e",
      "created": "2023-12-14T06:32:59.599Z",
      "updated": "2023-12-14T06:32:59.599Z",
      "etablissement": 22,
      "name": "Pneumologie"
    }
  },
  {
    "model": "main_etablissement.service",
    "pk": 126,
    "fields": {
      "public_id": "3ff076db-933e-4098-bb11-049700da9037",
      "created": "2023-12-14T06:33:14.691Z",
      "updated": "2023-12-14T06:33:14.691Z",
      "etablissement": 22,
      "name": "Urgences"
    }
  },
  {
    "model": "main_etablissement.service",
    "pk": 127,
    "fields": {
      "public_id": "e49385ce-5a3d-4abc-a558-71e6e108db15",
      "created": "2023-12-14T06:33:23.121Z",
      "updated": "2023-12-14T06:33:23.121Z",
      "etablissement": 22,
      "name": "Réanimation"
    }
  },
  {
    "model": "main_etablissement.service",
    "pk": 128,
    "fields": {
      "public_id": "6e02d35a-7bd3-4c4b-8964-dff9ec482623",
      "created": "2023-12-14T06:33:31.281Z",
      "updated": "2023-12-14T06:33:31.281Z",
      "etablissement": 22,
      "name": "Pédiatrie"
    }
  },
  {
    "model": "main_etablissement.service",
    "pk": 129,
    "fields": {
      "public_id": "bf678b0d-8c32-4931-82ba-c3135755c40a",
      "created": "2023-12-14T06:34:59.123Z",
      "updated": "2023-12-14T06:34:59.123Z",
      "etablissement": 2,
      "name": "Cardiologie"
    }
  },
  {
    "model": "main_etablissement.service",
    "pk": 130,
    "fields": {
      "public_id": "02ebec29-c71d-4960-9dcb-959256dec974",
      "created": "2023-12-14T06:35:40.964Z",
      "updated": "2023-12-14T06:35:40.965Z",
      "etablissement": 2,
      "name": "Pneumologie"
    }
  },
  {
    "model": "main_etablissement.service",
    "pk": 131,
    "fields": {
      "public_id": "2901136e-a255-472c-b79b-7ade0d1bcdb9",
      "created": "2023-12-14T06:36:06.595Z",
      "updated": "2023-12-14T06:36:06.595Z",
      "etablissement": 2,
      "name": "Dermatologie"
    }
  },
  {
    "model": "main_etablissement.service",
    "pk": 132,
    "fields": {
      "public_id": "440dacb8-08b2-49c1-895b-0d0d5d53cc91",
      "created": "2023-12-14T06:36:19.263Z",
      "updated": "2023-12-14T06:36:19.263Z",
      "etablissement": 2,
      "name": "Rhumatologie"
    }
  },
  {
    "model": "main_etablissement.service",
    "pk": 133,
    "fields": {
      "public_id": "1543737a-9d9f-4315-aa61-06d3a23bf690",
      "created": "2023-12-14T06:36:27.010Z",
      "updated": "2023-12-14T06:36:27.010Z",
      "etablissement": 2,
      "name": "Neurologie"
    }
  },
  {
    "model": "main_etablissement.service",
    "pk": 134,
    "fields": {
      "public_id": "31f5186e-cb21-4ca0-8886-37778c63149a",
      "created": "2023-12-14T06:36:41.194Z",
      "updated": "2023-12-14T06:36:41.194Z",
      "etablissement": 2,
      "name": "Vasculaire"
    }
  },
  {
    "model": "main_etablissement.service",
    "pk": 135,
    "fields": {
      "public_id": "4731297c-d659-49ef-8f05-0ab14a7c092f",
      "created": "2023-12-14T06:37:04.330Z",
      "updated": "2023-12-14T06:37:04.330Z",
      "etablissement": 2,
      "name": "Traumatologie"
    }
  },
  {
    "model": "main_etablissement.service",
    "pk": 136,
    "fields": {
      "public_id": "4c97d9ea-c95e-4ef5-b842-fd9913c047ea",
      "created": "2023-12-14T06:37:14.111Z",
      "updated": "2023-12-14T06:37:14.111Z",
      "etablissement": 2,
      "name": "Neurochirurgie"
    }
  },
  {
    "model": "main_etablissement.service",
    "pk": 137,
    "fields": {
      "public_id": "adf2ad1b-10d3-42d4-bb4c-d6eb04c5c003",
      "created": "2023-12-14T06:37:23.354Z",
      "updated": "2023-12-14T06:37:23.354Z",
      "etablissement": 2,
      "name": "Bloc Opératoire"
    }
  },
  {
    "model": "main_etablissement.service",
    "pk": 138,
    "fields": {
      "public_id": "0faf2cc6-7b9a-4c42-b715-28ed4793751d",
      "created": "2023-12-14T06:37:31.865Z",
      "updated": "2023-12-14T06:37:31.865Z",
      "etablissement": 2,
      "name": "ATU"
    }
  },
  {
    "model": "main_etablissement.service",
    "pk": 139,
    "fields": {
      "public_id": "edc25f3d-58fb-427f-b59a-a904a1915072",
      "created": "2023-12-14T06:37:40.877Z",
      "updated": "2023-12-14T06:37:40.877Z",
      "etablissement": 2,
      "name": "Réanimation"
    }
  },
  {
    "model": "main_etablissement.service",
    "pk": 140,
    "fields": {
      "public_id": "70eba7a5-db77-4bc3-a376-f5b3ff47e83b",
      "created": "2023-12-14T06:39:32.959Z",
      "updated": "2023-12-14T06:39:32.959Z",
      "etablissement": 10,
      "name": "Anesthésie-Réanimation"
    }
  },
  {
    "model": "main_etablissement.service",
    "pk": 141,
    "fields": {
      "public_id": "7b7293a2-ea4a-46b7-b368-d30e73957fab",
      "created": "2023-12-14T06:39:43.161Z",
      "updated": "2023-12-14T06:39:43.161Z",
      "etablissement": 10,
      "name": "Matérnité"
    }
  },
  {
    "model": "main_etablissement.service",
    "pk": 142,
    "fields": {
      "public_id": "f0d3bade-a140-4d9c-a192-f4aa2b761bfa",
      "created": "2023-12-14T06:39:50.073Z",
      "updated": "2023-12-14T06:39:50.073Z",
      "etablissement": 10,
      "name": "Pédiatrie"
    }
  },
  {
    "model": "main_etablissement.service",
    "pk": 143,
    "fields": {
      "public_id": "e8c8c0fd-ccce-455e-9c47-b2d88dd2f026",
      "created": "2023-12-14T06:40:04.316Z",
      "updated": "2023-12-14T06:40:04.316Z",
      "etablissement": 10,
      "name": "Gynécologie-Obstétricale"
    }
  },
  {
    "model": "main_etablissement.personnel",
    "pk": 2,
    "fields": {
      "public_id": "a7e00dfe-e200-42e4-bb05-912150a91c94",
      "created": "2023-12-13T07:58:09.310Z",
      "updated": "2023-12-13T07:58:09.310Z",
      "etablissement": 16,
      "nom": "RANAIVONDRAMBOLA",
      "prenom": "Ando Tatiana",
      "matricule": null,
      "categorie": "DE",
      "photo": ""
    }
  },
  {
    "model": "main_etablissement.personnel",
    "pk": 3,
    "fields": {
      "public_id": "4af25cb7-6a96-4f31-bad2-09a3b8245423",
      "created": "2023-12-13T07:58:29.374Z",
      "updated": "2023-12-13T07:58:29.374Z",
      "etablissement": 4,
      "nom": "RATSIMAMANGA",
      "prenom": "Albert Sylla",
      "matricule": null,
      "categorie": "DE",
      "photo": ""
    }
  },
  {
    "model": "main_etablissement.personnel",
    "pk": 4,
    "fields": {
      "public_id": "68da8557-79cc-4c4b-a480-0b0553565e4a",
      "created": "2023-12-13T07:58:49.284Z",
      "updated": "2023-12-13T07:58:49.284Z",
      "etablissement": 11,
      "nom": "RAJAONARIVELO",
      "prenom": "Tianaharivelo",
      "matricule": null,
      "categorie": "DE",
      "photo": ""
    }
  },
  {
    "model": "main_etablissement.personnel",
    "pk": 5,
    "fields": {
      "public_id": "aa9c0d64-39d1-4b74-b754-f9ed11183e29",
      "created": "2023-12-13T07:59:08.693Z",
      "updated": "2023-12-13T07:59:08.693Z",
      "etablissement": 15,
      "nom": "RAZAFINDRABE",
      "prenom": "John Alberto Bam",
      "matricule": null,
      "categorie": "DE",
      "photo": ""
    }
  },
  {
    "model": "main_etablissement.personnel",
    "pk": 6,
    "fields": {
      "public_id": "bbdfe2e5-b81d-468b-b16f-0b3fb5bd2485",
      "created": "2023-12-13T07:59:30.687Z",
      "updated": "2023-12-13T07:59:30.687Z",
      "etablissement": 14,
      "nom": "ROBINSON",
      "prenom": "Annick Lalaina",
      "matricule": null,
      "categorie": "DE",
      "photo": ""
    }
  },
  {
    "model": "main_etablissement.personnel",
    "pk": 7,
    "fields": {
      "public_id": "28dc0bcf-52e2-429d-9816-1c7b811cfc09",
      "created": "2023-12-13T07:59:50.329Z",
      "updated": "2023-12-13T07:59:50.329Z",
      "etablissement": 19,
      "nom": "RAMAROLAHY",
      "prenom": "Andriatiaray Rija",
      "matricule": null,
      "categorie": "DE",
      "photo": ""
    }
  },
  {
    "model": "main_etablissement.personnel",
    "pk": 8,
    "fields": {
      "public_id": "1164f7da-bdf7-4c4f-8307-9c77392a952b",
      "created": "2023-12-13T08:00:06.252Z",
      "updated": "2023-12-13T08:00:06.252Z",
      "etablissement": 22,
      "nom": "RAKOTOVAO",
      "prenom": "Luc",
      "matricule": null,
      "categorie": "DE",
      "photo": ""
    }
  },
  {
    "model": "main_etablissement.personnel",
    "pk": 9,
    "fields": {
      "public_id": "31ffc732-4bf5-4e96-84c1-ae423cec3672",
      "created": "2023-12-13T08:00:28.941Z",
      "updated": "2023-12-13T08:00:28.941Z",
      "etablissement": 12,
      "nom": "RABOBA",
      "prenom": "Julia Liliane",
      "matricule": null,
      "categorie": "DE",
      "photo": ""
    }
  },
  {
    "model": "main_etablissement.personnel",
    "pk": 10,
    "fields": {
      "public_id": "d32c41c3-d04f-4277-bd26-c97a8814abb7",
      "created": "2023-12-13T08:00:48.160Z",
      "updated": "2023-12-13T08:00:48.160Z",
      "etablissement": 21,
      "nom": "RAHANITRANDRASANA",
      "prenom": "Odile",
      "matricule": null,
      "categorie": "DE",
      "photo": ""
    }
  },
  {
    "model": "main_etablissement.personnel",
    "pk": 11,
    "fields": {
      "public_id": "0690806f-d2ce-4a15-8681-91bb73b32770",
      "created": "2023-12-13T08:01:10.353Z",
      "updated": "2023-12-13T08:01:10.353Z",
      "etablissement": 13,
      "nom": "RAKOTOMALALA",
      "prenom": "Vololoniaina",
      "matricule": null,
      "categorie": "DE",
      "photo": ""
    }
  },
  {
    "model": "main_etablissement.personnel",
    "pk": 12,
    "fields": {
      "public_id": "c5bca361-aade-4045-a8f4-a541a4294213",
      "created": "2023-12-13T08:01:31.642Z",
      "updated": "2023-12-13T08:01:31.642Z",
      "etablissement": 8,
      "nom": "RAVELOMANANA",
      "prenom": "Lovaniaina",
      "matricule": null,
      "categorie": "DE",
      "photo": ""
    }
  },
  {
    "model": "main_etablissement.personnel",
    "pk": 13,
    "fields": {
      "public_id": "96da4def-62c1-4b63-b628-877f678e2f03",
      "created": "2023-12-13T08:01:52.214Z",
      "updated": "2023-12-13T08:01:52.214Z",
      "etablissement": 10,
      "nom": "ANDRIANAMPANALINARIVO HERY",
      "prenom": "Rakotovao",
      "matricule": null,
      "categorie": "DE",
      "photo": ""
    }
  },
  {
    "model": "main_etablissement.personnel",
    "pk": 14,
    "fields": {
      "public_id": "96baf318-1edb-4081-8317-5f1e2f99c07d",
      "created": "2023-12-13T08:02:37.816Z",
      "updated": "2023-12-13T08:02:37.816Z",
      "etablissement": 7,
      "nom": "RANDRIANJAKA",
      "prenom": "Herinirina Francis",
      "matricule": null,
      "categorie": "DE",
      "photo": ""
    }
  },
  {
    "model": "main_etablissement.personnel",
    "pk": 15,
    "fields": {
      "public_id": "ddcc7c09-efbf-4efe-bc61-a955676b5d51",
      "created": "2023-12-13T08:21:41.323Z",
      "updated": "2023-12-13T08:21:41.323Z",
      "etablissement": 23,
      "nom": "MASINANDRO",
      "prenom": "Eddy Flor",
      "matricule": null,
      "categorie": "DE",
      "photo": ""
    }
  },
  {
    "model": "main_etablissement.personnel",
    "pk": 16,
    "fields": {
      "public_id": "0f4bf6be-d3b3-4dc1-aa32-4619a25ace2d",
      "created": "2023-12-13T08:22:03.228Z",
      "updated": "2023-12-13T08:22:03.228Z",
      "etablissement": 9,
      "nom": "ANDRIANIAINA",
      "prenom": "Hery Dels",
      "matricule": null,
      "categorie": "DE",
      "photo": ""
    }
  },
  {
    "model": "main_etablissement.personnel",
    "pk": 17,
    "fields": {
      "public_id": "b6a18300-4261-49dd-8521-cf6151c303d4",
      "created": "2023-12-13T08:22:23.565Z",
      "updated": "2023-12-13T08:22:23.565Z",
      "etablissement": 3,
      "nom": "ANDRIANARIMANANA",
      "prenom": "Kocher Diavolana",
      "matricule": null,
      "categorie": "DE",
      "photo": ""
    }
  },
  {
    "model": "main_etablissement.personnel",
    "pk": 18,
    "fields": {
      "public_id": "c51c484d-4ffc-4df5-b4a6-23869d7e425a",
      "created": "2023-12-13T08:22:40.844Z",
      "updated": "2023-12-13T08:22:40.844Z",
      "etablissement": 18,
      "nom": "RANDRIAMBOLOLONA",
      "prenom": "Domoina",
      "matricule": null,
      "categorie": "DE",
      "photo": ""
    }
  },
  {
    "model": "main_etablissement.personnel",
    "pk": 19,
    "fields": {
      "public_id": "c37c317d-bb77-4c67-a688-f892829032a1",
      "created": "2023-12-13T08:23:01.104Z",
      "updated": "2023-12-13T08:23:01.104Z",
      "etablissement": 6,
      "nom": "HABIB",
      "prenom": "Nouraly",
      "matricule": null,
      "categorie": "DE",
      "photo": ""
    }
  },
  {
    "model": "main_etablissement.personnel",
    "pk": 20,
    "fields": {
      "public_id": "472a3565-447a-48ee-9b54-f52a57adf772",
      "created": "2023-12-13T08:23:24.955Z",
      "updated": "2023-12-13T08:23:24.955Z",
      "etablissement": 5,
      "nom": "RABEHARISOA",
      "prenom": "Raotomalala Andy Rakoto",
      "matricule": null,
      "categorie": "DE",
      "photo": ""
    }
  },
  {
    "model": "main_etablissement.personnel",
    "pk": 21,
    "fields": {
      "public_id": "1374c649-7ca4-4b66-b3ac-eb21a168f0ce",
      "created": "2023-12-13T08:23:44.610Z",
      "updated": "2023-12-13T08:23:44.610Z",
      "etablissement": 17,
      "nom": "RANDRIAMANANTENA",
      "prenom": "Tahiriarivelo",
      "matricule": null,
      "categorie": "DE",
      "photo": ""
    }
  },
  {
    "model": "main_etablissement.personnel",
    "pk": 22,
    "fields": {
      "public_id": "6a4c52ed-1078-411d-92d3-bd6924dae2f0",
      "created": "2023-12-13T08:26:33.743Z",
      "updated": "2023-12-13T08:26:33.743Z",
      "etablissement": 2,
      "nom": "Harioly Nirina Marie",
      "prenom": "Osée Judicael",
      "matricule": null,
      "categorie": "DE",
      "photo": ""
    }
  },
  {
    "model": "main_etablissement.personnel",
    "pk": 23,
    "fields": {
      "public_id": "e23789e3-1fec-4978-bd92-73c507bfe316",
      "created": "2023-12-13T08:27:13.229Z",
      "updated": "2023-12-13T08:27:13.229Z",
      "etablissement": 20,
      "nom": "RAFANOMEZANTSOA",
      "prenom": "Toky Andriamahefa",
      "matricule": null,
      "categorie": "DE",
      "photo": ""
    }
  },
  {
    "model": "main_etablissement.contact",
    "pk": 2,
    "fields": {
      "public_id": "abd675f2-307e-43f4-b0c4-9a040960b1ac",
      "created": "2023-12-13T06:35:03.778Z",
      "updated": "2023-12-13T06:35:03.778Z",
      "etablissement": 2,
      "contact_accueil": "0388711173",
      "contact_urgence": "0388711179",
      "contact_ambulance": null,
      "contact_de": "0388711193",
      "contact_daf": "0388711170",
      "contact_dat": "0388711183"
    }
  },
  {
    "model": "main_etablissement.contact",
    "pk": 3,
    "fields": {
      "public_id": "f0b3c48e-ece5-4025-870b-2aced417eaae",
      "created": "2023-12-13T06:37:36.546Z",
      "updated": "2023-12-13T06:37:36.546Z",
      "etablissement": 3,
      "contact_accueil": "0341516503",
      "contact_urgence": "0348001821",
      "contact_ambulance": null,
      "contact_de": "0345817054",
      "contact_daf": "0348911375",
      "contact_dat": "0384928079"
    }
  },
  {
    "model": "main_etablissement.contact",
    "pk": 4,
    "fields": {
      "public_id": "afe0b80c-a4b9-4ebb-be0b-193855fe2912",
      "created": "2023-12-13T06:39:09.933Z",
      "updated": "2023-12-13T06:39:09.933Z",
      "etablissement": 4,
      "contact_accueil": "0341420052",
      "contact_urgence": "0341420055",
      "contact_ambulance": null,
      "contact_de": "0341420449",
      "contact_daf": "0341420017",
      "contact_dat": "0341420016"
    }
  },
  {
    "model": "main_etablissement.contact",
    "pk": 5,
    "fields": {
      "public_id": "e7da6b1b-3e87-4012-9165-1c5b0ebb5e96",
      "created": "2023-12-13T06:41:01.930Z",
      "updated": "2023-12-13T06:41:01.930Z",
      "etablissement": 5,
      "contact_accueil": "0347026590",
      "contact_urgence": "0344840188",
      "contact_ambulance": null,
      "contact_de": "0349461370",
      "contact_daf": null,
      "contact_dat": "0342918310"
    }
  },
  {
    "model": "main_etablissement.contact",
    "pk": 6,
    "fields": {
      "public_id": "85b23e8e-8134-4560-a33b-afbbdf772564",
      "created": "2023-12-13T06:42:37.861Z",
      "updated": "2023-12-13T06:42:37.861Z",
      "etablissement": 6,
      "contact_accueil": "0343590403",
      "contact_urgence": "0343031030",
      "contact_ambulance": null,
      "contact_de": "0326774218",
      "contact_daf": "0340203409",
      "contact_dat": "0340634795"
    }
  },
  {
    "model": "main_etablissement.contact",
    "pk": 7,
    "fields": {
      "public_id": "09d51900-8615-40ba-b7d4-8b5af7b8be92",
      "created": "2023-12-13T06:46:19.207Z",
      "updated": "2023-12-13T06:46:19.207Z",
      "etablissement": 7,
      "contact_accueil": "0386730409",
      "contact_urgence": "0326293164",
      "contact_ambulance": null,
      "contact_de": "0343290131",
      "contact_daf": "0343825483",
      "contact_dat": null
    }
  },
  {
    "model": "main_etablissement.contact",
    "pk": 8,
    "fields": {
      "public_id": "0354538d-7da6-49a9-bc60-b7a64766820e",
      "created": "2023-12-13T06:47:31.356Z",
      "updated": "2023-12-13T06:47:31.356Z",
      "etablissement": 8,
      "contact_accueil": null,
      "contact_urgence": "0341420061",
      "contact_ambulance": null,
      "contact_de": "0341420018",
      "contact_daf": "0341420020",
      "contact_dat": "0341420019"
    }
  },
  {
    "model": "main_etablissement.contact",
    "pk": 9,
    "fields": {
      "public_id": "26356df0-67e1-4abd-b760-6cdf7dc3b043",
      "created": "2023-12-13T06:48:43.008Z",
      "updated": "2023-12-13T06:48:43.008Z",
      "etablissement": 9,
      "contact_accueil": "0327128149",
      "contact_urgence": null,
      "contact_ambulance": null,
      "contact_de": "0324059483",
      "contact_daf": "0348273895",
      "contact_dat": "0320437234"
    }
  },
  {
    "model": "main_etablissement.contact",
    "pk": 10,
    "fields": {
      "public_id": "29fd94e0-1d39-4e8e-a66e-79e37a13c3c7",
      "created": "2023-12-13T06:50:04.310Z",
      "updated": "2023-12-13T06:50:04.310Z",
      "etablissement": 10,
      "contact_accueil": "0341420309",
      "contact_urgence": null,
      "contact_ambulance": null,
      "contact_de": "0341420039",
      "contact_daf": "0380896533",
      "contact_dat": "0341420294"
    }
  },
  {
    "model": "main_etablissement.contact",
    "pk": 11,
    "fields": {
      "public_id": "e1b50df3-c835-4cf2-9bf6-87d2ef0065b0",
      "created": "2023-12-13T06:51:23.391Z",
      "updated": "2023-12-13T06:51:23.391Z",
      "etablissement": 11,
      "contact_accueil": null,
      "contact_urgence": "0344980137",
      "contact_ambulance": null,
      "contact_de": null,
      "contact_daf": "0344980128",
      "contact_dat": "0344901652"
    }
  },
  {
    "model": "main_etablissement.contact",
    "pk": 12,
    "fields": {
      "public_id": "41f6a3bb-5d0c-4f93-ad42-6815f141e585",
      "created": "2023-12-13T06:52:40.271Z",
      "updated": "2023-12-13T06:52:40.271Z",
      "etablissement": 12,
      "contact_accueil": null,
      "contact_urgence": null,
      "contact_ambulance": null,
      "contact_de": "0341440025",
      "contact_daf": "0341440027",
      "contact_dat": "0341440026"
    }
  },
  {
    "model": "main_etablissement.contact",
    "pk": 13,
    "fields": {
      "public_id": "5bc217a1-e94b-4364-9264-48950ad85abb",
      "created": "2023-12-13T06:54:18.626Z",
      "updated": "2023-12-13T06:54:18.626Z",
      "etablissement": 13,
      "contact_accueil": "0341420554",
      "contact_urgence": null,
      "contact_ambulance": null,
      "contact_de": "0341420318",
      "contact_daf": "0341420324",
      "contact_dat": "0341420323"
    }
  },
  {
    "model": "main_etablissement.contact",
    "pk": 14,
    "fields": {
      "public_id": "8f8be5a9-7662-4adc-bef3-aacb2f9c87c7",
      "created": "2023-12-13T07:00:49.743Z",
      "updated": "2023-12-13T07:00:49.743Z",
      "etablissement": 14,
      "contact_accueil": null,
      "contact_urgence": "0341420098",
      "contact_ambulance": null,
      "contact_de": null,
      "contact_daf": "0341420027",
      "contact_dat": null
    }
  },
  {
    "model": "main_etablissement.contact",
    "pk": 15,
    "fields": {
      "public_id": "00e99d3b-d12c-44e5-8e21-e0d9716e764d",
      "created": "2023-12-13T07:01:35.093Z",
      "updated": "2023-12-13T07:01:35.093Z",
      "etablissement": 15,
      "contact_accueil": null,
      "contact_urgence": "0341420117",
      "contact_ambulance": null,
      "contact_de": null,
      "contact_daf": null,
      "contact_dat": "0341420416"
    }
  },
  {
    "model": "main_etablissement.contact",
    "pk": 16,
    "fields": {
      "public_id": "ee0049d2-4450-4c7e-82c9-db7b46d8c7ab",
      "created": "2023-12-13T07:02:30.277Z",
      "updated": "2023-12-13T07:02:30.277Z",
      "etablissement": 16,
      "contact_accueil": "0341420085",
      "contact_urgence": null,
      "contact_ambulance": null,
      "contact_de": "0341420021",
      "contact_daf": "0341420023",
      "contact_dat": "0341420022"
    }
  },
  {
    "model": "main_etablissement.contact",
    "pk": 17,
    "fields": {
      "public_id": "ba825ed2-b32e-43bf-b577-5d99646bb38d",
      "created": "2023-12-13T07:04:37.083Z",
      "updated": "2023-12-13T07:04:37.083Z",
      "etablissement": 17,
      "contact_accueil": null,
      "contact_urgence": "0343140612",
      "contact_ambulance": null,
      "contact_de": "0340762182",
      "contact_daf": "0344364348",
      "contact_dat": "0342821641"
    }
  },
  {
    "model": "main_etablissement.contact",
    "pk": 18,
    "fields": {
      "public_id": "b37968e2-7fb4-4f1f-aa51-1082971ea52d",
      "created": "2023-12-13T07:05:43.199Z",
      "updated": "2023-12-13T07:05:43.199Z",
      "etablissement": 18,
      "contact_accueil": null,
      "contact_urgence": "0320308812",
      "contact_ambulance": null,
      "contact_de": "0320308820",
      "contact_daf": null,
      "contact_dat": null
    }
  },
  {
    "model": "main_etablissement.contact",
    "pk": 19,
    "fields": {
      "public_id": "9ce1b968-0594-4b8a-9edc-7abafcb0e2f3",
      "created": "2023-12-13T07:07:07.989Z",
      "updated": "2023-12-13T07:07:07.989Z",
      "etablissement": 19,
      "contact_accueil": null,
      "contact_urgence": "0341420437",
      "contact_ambulance": null,
      "contact_de": null,
      "contact_daf": null,
      "contact_dat": "0341420437"
    }
  },
  {
    "model": "main_etablissement.contact",
    "pk": 20,
    "fields": {
      "public_id": "cfd148d3-8a9a-4c6f-9812-59c706ccec3e",
      "created": "2023-12-13T07:09:32.608Z",
      "updated": "2023-12-13T07:09:32.608Z",
      "etablissement": 20,
      "contact_accueil": null,
      "contact_urgence": "0324474369",
      "contact_ambulance": null,
      "contact_de": "0345574022",
      "contact_daf": "0346144465",
      "contact_dat": "0340178384"
    }
  },
  {
    "model": "main_etablissement.contact",
    "pk": 21,
    "fields": {
      "public_id": "7e54a523-b5b6-4e84-8fc5-26be1dcebb89",
      "created": "2023-12-13T07:10:38.845Z",
      "updated": "2023-12-13T07:10:38.845Z",
      "etablissement": 21,
      "contact_accueil": "0341420188",
      "contact_urgence": "0340457460",
      "contact_ambulance": null,
      "contact_de": "0341420035",
      "contact_daf": "0341420014",
      "contact_dat": null
    }
  },
  {
    "model": "main_etablissement.contact",
    "pk": 22,
    "fields": {
      "public_id": "b0909fe6-c73f-4067-9fa5-7005f3b83688",
      "created": "2023-12-13T07:26:12.597Z",
      "updated": "2023-12-13T07:26:12.597Z",
      "etablissement": 22,
      "contact_accueil": "0341420497",
      "contact_urgence": "0341420177",
      "contact_ambulance": null,
      "contact_de": null,
      "contact_daf": null,
      "contact_dat": null
    }
  },
  {
    "model": "main_etablissement.contact",
    "pk": 23,
    "fields": {
      "public_id": "81efa596-d15d-4c10-9547-94aca4b29660",
      "created": "2023-12-14T07:04:04.298Z",
      "updated": "2023-12-14T07:04:04.298Z",
      "etablissement": 23,
      "contact_accueil": null,
      "contact_urgence": null,
      "contact_ambulance": null,
      "contact_de": "0342924044",
      "contact_daf": "0342090092",
      "contact_dat": "0346483582"
    }
  }
]